uid,name,visits,playing,likes,genre,genreL1,created,updated,description,creator,playerCount,totalUpVotes,totalDownVotes
1686885941,Brookhaven 🏡RP,85105377174,670742,28800261,Town and City,Roleplay & Avatar Sim,2020-04-21T02:15:38.373Z,2026-07-17T20:52:35.1774849Z,"A place to play with like minded people and roleplay. Own and live in amazing houses, drive cool vehicles and explore the city. Be whoever you want to be in Brookhaven RP.

Latest Update:
🎪 Summer Car",Brookhaven by Voldex,669091,8311319,1365714
7709344486,Steal a Brainrot,71499694126,202875,28723480,All,Simulation,2025-05-16T00:49:12.563Z,2026-07-17T05:23:42.615379Z,"🗣️ Welcome to Steal a Brainrot!

👍 Like the game and join the group

How to Play:
👽 Buy a Brainrot
🥷 Steal Brainrots from other players
💸 Generate money
🐦‍🔥 Rebirth
✋ Buy slaps and troll gear to troll",BRAZILIAN SPYDER,202386,15252624,2602046
994732206,Blox Fruits,62791555851,222667,19366050,Adventure,RPG,2019-01-16T03:29:19.433Z,2026-07-15T09:30:42.179Z,Welcome to Blox Fruits! Become a master swordsman or a powerful blox fruit user as you train to become the strongest player to ever live. You can choose to fight against tough enemies or have powerful,Gamer Robot Inc,220918,12323305,1047070
383310974,[1.2X!🎉] Adopt Me!,44150581172,339744,29344626,RPG,Roleplay & Avatar Sim,2017-07-14T19:26:21.347Z,2026-07-17T18:14:24.0428956Z,"Adopt and raise 🐶🦄👶, trade and collect legendary pets, build your dream home, and roleplay with friends!

🌱 Bonus Acorns Weekend! 🌱
💸 1.2x Acorn rewards until Monday!
🎣 Last chance to go fishing, for ",Uplift Games,350880,9274693,1505851
7436755782,[🌊] Grow a Garden 🌶️,35741296267,34906,11315883,All,Simulation,2025-03-25T22:32:09.437Z,2026-07-17T18:56:17.7998114Z,"🍅Welcome to Grow a Garden🍅

Are you ready to grow your very own garden? Buy seeds from the shop when they restock, plant them, wait for them to grow, and collect the profits! Flex fruits and finds on ",The Garden Game,36911,9386131,1050018
7326934954,[🦖] 99 Nights in the Forest 🔦,28273327370,240280,8686060,All,Survival,2025-03-04T04:46:49.73Z,2026-07-15T23:27:51.154Z,"Build a camp with friends. 

Something is watching you.

99 Nights in the Forest",Grandma's Favourite Games,239587,5147057,543391
703124385,Tower of Hell,28103563958,18847,11777065,Adventure,Obby & Platformer,2018-06-18T21:17:06.1Z,2026-06-29T12:45:26.528Z,"Can you be the first to the top in this randomly generated obby with absolutely no checkpoints at all?



Owners of VIP-Servers can use the settings menu to skip rounds, set the tower size and loc",YXceptional Studios,19572,4261437,1531592
66654135,Murder Mystery 2,27382027442,289247,22886058,Horror,Survival,2014-01-18T10:07:51.557Z,2026-07-03T17:11:54.934Z,"Can you solve the Mystery and survive each round?

INNOCENTS: Run and hide from the Murderer. Use your detective skills to expose the Murderer.
SHERIFF: Work with the Innocents; you are the only on",Nikilis,290351,9992591,1008146
3808081382,The Strongest Battlegrounds,18697228248,65070,7402960,Fighting,Action,2022-08-02T09:26:24.09Z,2026-07-16T22:06:26.6865221Z,"Train & fight others to be the strongest.

📱💻🎮 You can play on any device. (CONSOLE, PC, MOBILE)
⭐ Please consider liking and favoriting the game for more updates.

🖥️ Controls
G - ultimate mode
F - b",Yielding Arts,63719,5193398,993138
6035872082,RIVALS,16634663986,223443,84156360,FPS,Shooter,2024-05-26T16:47:48.617Z,2026-07-14T05:12:03.891Z,"Welcome to RIVALS, the most intense first person shooter game on Roblox! Challenge other players in 1v1 to 5v5 FPS duels where the first to 5 wins!

🏖️ UPDATE 21 - The first ever RIVALS Summer Event i",Nosniy Games,218741,10048244,647555
1516533665,Piggy,14267777177,11788,12167099,Horror,Survival,2020-01-23T02:11:32.343Z,2026-06-13T15:31:04.626Z,"Do you have what it takes to escape Piggy and uncover the mysteries surrounding the beast?

Controls:
Pick up items / Use items - Click (Computer), Tap (Mobile) or Right Trigger (Controller)
Crouch / ",Piggy Dev Team,11762,4017204,432562
2619619496,BedWars [🎃 JACK + BALANCE],11455459900,42763,4526594,Fighting,Action,2021-05-27T15:14:38.887Z,2026-07-17T22:40:49.4722627Z,"🔥🔥 Updates are every FRIDAY at 3:00pm PDT, 6:00pm EDT 🔥🔥

🎮 Dive into over 10+ thrilling modes like Bed Wars, Lucky Block, SkyWars, Infected, and more!
✨ Explore and craft your own games in Creative m",Easy.gg,42659,2430108,525366
5203828273,[🌴] Dress To Impress,10540013954,96035,6956293,All,Roleplay & Avatar Sim,2023-10-18T09:11:36.563Z,2026-07-17T22:24:22.0755959Z,"Create stunning outfits 👗💖⭐, and strut the runway to show off your unique style. Collaborate, compete, and explore a world of glamour with friends!

⭐ Are you ready to be the TOP MODEL?
👗 NEW ITEMS! C",Dress To Impress Group,96515,3849425,402896
321778215,Royale🌺High,10420615562,11659,13297540,All,Roleplay & Avatar Sim,2017-04-10T13:16:49.493Z,2026-07-17T11:25:36.4939285Z,"♡ ☁️ Welcome to your magical dream world! ☁️ ♡

📣July 16th Update!📣
🌺 NEW items have shorelined in Queen Harmony's Treasure Shop! 🧜‍♀️
🪮 3 NEW Hairstyles - our first EVER to be animated with PHYSICS! ",callmehbob,11870,3250575,533474
88070565,[🌴] Welcome to Bloxburg ,10015572915,26897,13924467,Town and City,Roleplay & Avatar Sim,2014-11-04T03:31:28.28Z,2026-07-16T11:58:38.8806119Z,"👋 Welcome to the town of Bloxburg, where you can be anything you want to be!

🏡 Build and decorate, or buy the house or creation of your dreams!
👕 Customize your character with outfits and roles!
🎭 Ro",Bloxburg Development,26835,5601914,733352
3240075297,Berry Avenue 🏠 RP,8400375440,71773,3422152,Town and City,Roleplay & Avatar Sim,2022-01-07T23:54:58.843Z,2026-07-15T12:35:52.573Z,"⭐ Welcome to Berry Avenue! A place to roleplay, hang out and explore!
🍓 Choose from a wide selection of stylish houses, cool cars & roleplay items to enhance your experience!

🏫 Become a student at th",Amberry Games,72484,1099360,179905
245662005,🎉 [CH 4] Jailbreak,7968617660,10994,18604053,Town and City,Action,2017-01-06T16:39:11.173Z,2026-07-16T22:30:58.0957967Z,"July 10: Mini-Update: Autographed trading cards, new bodykits, apartment confetti, and bug fixes while we work on bigger projects behind the scenes. TY!

June 13: Truly our biggest update ever.
+ MAP ",Badimo,11060,5777572,808643
1720936166,[UPD] All Star Tower Defense,7873290895,1543,2315339,All,Strategy,2020-05-07T03:13:07.403Z,2026-07-13T18:18:28.668Z,"Check out the update board in the lobby or our socials for more information

⚔️Use your units to fend off waves of enemies
⚡Each Unit has Unique Cool Abilities
⬆️Upgrade your Troops During battle to u",Top Down Games,1537,1488819,129171
2440500124,DOORS 👁️,7508994751,12699,7956982,Adventure,Survival,2021-03-14T02:20:27.43Z,2026-06-04T20:59:16.017Z,"APRIL FOOLS 2026 modes in VISIONS tab.

A horror game involving doors.

We recommend entering without a guide; use each death as a lesson.
⚠️ Loud sounds, flashing lights ahead!
🎧 📷 Headphones & max g",LSPLASH,12751,4571987,347489
2711375305,Catalog Avatar Creator,7362520270,97094,5504181,All,Shopping,2021-07-03T18:17:43.59Z,2026-07-17T03:54:07.2879141Z,"📢 UGC ANIMATION PACKS are now available! Try them on in-game!

Catalog Avatar Creator allows you to try on many different avatar/catalog items for free. This includes accessories, hats, limiteds, hair",Muneeb,95234,2851709,190750
5569032992,🌻 Dandy’s World [ALPHA],7190395420,37608,4522425,All,Survival,2024-01-26T03:52:09.063Z,2026-07-17T18:54:23.1621684Z,"Dandy's World is a Mascot Horror Survival Multiplayer game where you must team up with fellow Toons to complete machines and descend deeper into Gardenview Center.

✧---✧
Are you ready to 'See A Very ",BlushCrunch Studio,37436,1652007,225159
7018190066,Dead Rails [HEATWAVE],6441469592,20506,6006881,All,Adventure,2025-01-01T18:35:30.213Z,2026-07-16T23:18:37.4790982Z,"In 1899, a mysterious virus swept the American continent. Dubbed the ‘Zombie Plague’, a cure was discovered in Mexico. Gather your friends and board your trains to fight through the zombie-infested de",RCM Games,20233,3309624,263546
3508322461,[REGISTER] Jujutsu Shenanigans,6372617056,171965,2741991,Fighting,Action,2022-04-17T04:51:12.57Z,2026-07-13T23:16:27.989Z,"""what are you doing""
""im doing some jujutsu shenanigans"" (tell that to your friends)

M1 - melee combo
1,2,3,4 - skills
Q - dash (use in stun to escape)
F - block
R - special
W+W - sprint (automatical",Tze's Shenanigans,169146,2408480,365520
4777817887,Blade Ball,6278851227,10904,12658316,Fighting,Action,2023-06-17T00:05:26.103Z,2026-07-17T22:49:34.7602092Z,"⚡  In this game of focus, timing, and strategy, your skill is tested as a deflectable homing ball hunts players with increasing speed. But there's more than what meets the eye.

🔥  Gain new abilities ",Wiggity.,10808,8300546,575708
111958650,Arsenal,6257284507,5573,11502789,Fighting,Shooter,2015-08-18T06:19:03.177Z,2026-07-14T09:47:33.769Z,"Race to the top through a massive Arsenal of weapons! 

Conquer the day in fast paced arcade gameplay, from bazookas to spell books, each weapon will keep you guessing on what's next! 

Earn BattleBuc",ROLVe,5554,5110353,662014
4778845442,[LEGACY] Toilet Tower Defense,6156116476,3814,1526545,All,Strategy,2023-06-17T07:34:01.93Z,2026-07-16T23:20:26.7829053Z,"🚽 Toilet Tower Defense ⚔️

🌟 Step on a platform to start a match!
⚔️ Place cameramen and powerful units to fight back against invading toilets!
🏆 Beat waves to win, or survive as long as you can in En",Telanthric Development,3828,1337034,225698
372226183,Flee the Facility,5800347800,39306,9585963,Horror,Survival,2017-07-01T07:01:19.197Z,2026-07-13T10:30:03.635Z,"RUN, HIDE, ESCAPE! Run from the beast, unlock the exits, and flee the facility!
This game runs well on phones, tablets, PC, Xbox, and PlayStation.

📋GAME RULES📋
https://devforum.roblox.com/t/flee-the-",A.W. Apps,39098,2726488,235087
47545,🍕Work at a Pizza Place,5529094821,6749,13422287,Town and City,Roleplay & Avatar Sim,2008-03-28T18:12:42.6Z,2026-07-09T05:56:44.343Z,"🤝Work as a team to fulfill food orders.
🏠Use your work earnings to upgrade your house and buy furniture.

Don't forget to 👍 and ⭐! It really helps!",Dued1,6758,3418854,262238
6331902150,[AZURE] Forsaken,5315215331,421088,3017652,All,Survival,2024-07-28T02:20:42.22Z,2026-07-17T21:59:23.4004362Z,"[ CONTAINS FLASHING LIGHTS AND LOUD AUDIO, IT IS RECOMMENDED TO NOT PLAY IF YOU'RE EPILEPTIC ]

Welcome to your eternal prison. 

SURVIVORS: Protect your teammates, complete the objectives, and surviv",Forsaken Dev Team,452108,2286072,407734
3317679266,PLS DONATE 💸,5176968726,3625,4367889,All,Social,2022-02-05T12:57:42.61Z,2026-05-30T00:35:15.921Z,"💸 PLS DONATE is a game where you can raise Robux or donate Robux to others!

How to Play:
🎪 Claim a booth
📝 Customize your booth text
💰 Receive Robux from other players!
💸 Donate Robux to other player",Quataun,3547,3654526,272458
210851291,Build A Boat For Treasure,5104355325,19576,8429922,Adventure,Simulation,2016-11-02T15:36:44.187Z,2026-06-30T15:06:25.637Z,"Build your ship and set sail for your adventure!

Liked the game? Don't forget to leave a Thumbs Up(👍) and Favorite(🌟) . Thank you!

Don't forget to check out our group!
https://www.roblox.com/My",Chillz Studios,19579,3605868,256467
3085257211,Rainbow Friends,5000024260,7674,3720831,Horror,Adventure,2021-11-14T00:47:31.59Z,2026-05-29T20:51:03.438Z,"🚌 It was supposed to be a normal field trip...
🌈 But the Rainbow Friends want to play.

Animations by krefix",Roy & Charcle,7869,1511117,301153
1176784616,[💵 KINGPIN]  Tower Defense Simulator,4849489154,30656,3453111,All,Strategy,2019-06-05T04:21:45.977Z,2026-07-17T20:27:27.1055471Z,"💜 Thank you for 2 MILLION likes! Use code 2MILLION for a free Mercenary Pursuit skin!

Place units to defend against hordes of zombies! Team up with friends and face against even stronger bosses to un",Paradoxum Games,30323,2036915,126946
6325068386,[😈SHIDOU +🏆] Blue Lock: Rivals,4809570709,31985,6103638,All,Sports & Racing,2024-07-26T19:16:18.383Z,2026-07-17T20:37:56.1580089Z,"IMPORTANT: This fan-made unofficial game is created by huge Blue Lock fans as a tribute to celebrate the anime and share our passion with the community.

⚽Enter the high-stakes world of Blue Lock: Riv",Blue Lock Rivals Unofficial Fans,31277,10029426,350428
8316902627,[🪙] Plants & Brainrots 🌻,4674103694,3349,1969978,All,Simulation,2025-08-01T13:53:14.6Z,2026-07-16T20:08:19.4672741Z,"🪴 Welcome to Plants & Brainrots!

How to Play:
🌱 Buy a seed & plant it in your garden!
🌻 Your plants fight brainrots for you!
💸 The brainrots generate money!
🍄 Buy more EPIC plants & flex your brainro",Splitting Point - PVB,3379,3018659,164832
5750914919,Fisch 🦦 [OTTER],4671162595,64170,3525098,Adventure,Simulation,2024-03-13T15:03:39.63Z,2026-07-17T07:45:03.7700246Z,"🦈 Welcome to Fisch 🦈

Dive into Fisch, the ultimate fishing adventure where exploration and progression are yours to control. Cast your line to catch rare and unique fish, each with 400,000+ possible ",Fisching,63352,2917115,304179
6701277882,[🐙UPD] Fish It! 🐟,4596643323,113253,1253631,All,Simulation,2024-10-21T00:25:27.823Z,2026-07-13T02:38:24.416Z,"🐙 CONTRABAND MARKET, +10 NEW FISH, NEW SUMMER SKIN

🌙 NEW FORGOTTEN + SECRET, NEW ISLAND, NEW PET EGGS
☄️ NEW AURORA BOREALIS WEATHER, NEW SECRET, TRADING UPGRADES, NEW BUNDLE

🍀 Collect from 1,000,00",Fish Atelier,113105,1332078,275945
601130232,Bee Swarm Simulator,4486456057,17235,6482015,Adventure,Simulation,2018-03-21T15:59:58.777Z,2026-06-24T14:02:32.061Z,"Grow your own swarm of bees, collect pollen, and make honey in Bee Swarm Simulator! Meet friendly bears, complete their quests and get rewards! As your hive grows larger and larger, you can explore fu",Onett,17274,2994774,138933
65241,Natural Disaster Survival,4348127897,11627,11698235,All,Survival,2008-03-28T21:33:42.623Z,2026-06-12T03:02:39.267Z,"Quickly, run around in circles! Your life depends on it!",Stickmasterluke,11618,4346302,440902
1451439645,King Legacy,4019206778,7162,2747291,Adventure,RPG,2019-12-17T13:51:26.1Z,2026-07-10T10:38:07.608Z,"Join the community server for more information and codes!

Level Cap: 5450
There are 44 Physical Fruits In-Game

- Fruits spawn on the map every 1 - 2 Hours / Despawn 15 Minutes.
- First Time you join",Sea King Games,7080,1675977,156994
4839802560,LifeTogether 🏠 RP ,3647437601,68986,14137166,Town and City,Roleplay & Avatar Sim,2023-07-05T20:36:59.163Z,2026-07-15T14:08:56.013Z,"Welcome to LifeTogether!
Dive into an immersive roleplay where life is literally in your hands.

👍1M likes + follow + favorite for new APP!

Tags: Dream, Life, Club, Metro, Topia, Fun, Happy, Adopt, R",Cinnamon Software,70026,875970,91114
6931042565,[UPD] Volleyball Legends,3596581717,36043,4745007,All,Sports & Racing,2024-12-17T02:31:13.453Z,2026-07-17T01:08:59.2230923Z,"BECOME THE KING OF THE COURT in Volleyball Legends!!

🏐🔥🔥FAST-PACED 6v6 Volleyball
Play a pickup Volleyball game with friends OR challenge anyone in a RANKED match

🎮CONTROLS:
Bump, Spike in Midair - ",Volleyball Game Group,35925,2464303,120209
2380077519,[UPDATE🌬️] Slap Battles👏,3540408229,12888,4497378,Fighting,Action,2021-02-16T16:37:41.25Z,2026-07-17T17:08:42.7381348Z,"A game about slapping people into oblivion using different gloves with unique abilities. This game is very chaotic, so don't be surprised if you spot someone complaining about some glove that I'm pret",Slap Battles,12826,1928511,312139
5836869368,Anime Defenders,3429346218,485,912332,All,Strategy,2024-04-05T09:05:37.533Z,2026-06-16T02:25:40.377Z,"Welcome to Anime Defenders - a highly anticipated Anime Tower Defense game!

🔥 Enter the world of Anime Defenders and summon your favorite heroes!
⚔️ Deploy powerful units and activate their unique ab",Small World Games x Anime Defenders,482,2024228,68805
93740418,Hide and Seek Extreme,3393401400,3580,6890654,Adventure,Party & Casual,2015-01-18T14:37:18.027Z,2025-01-31T07:25:55.423Z,"Welcome to Hide and Seek Extreme.
At the start of the game, one player gets chosen to be 'It'. 'It' has to try and find the other players. 'It' will not spawn with their default character, instead th",Tim7775,3553,978247,95556
2668101271,Fling Things and People,3252203521,30565,2392411,Comedy,Simulation,2021-06-16T13:57:11.12Z,2025-10-29T20:26:07.34Z,A place where you can play with or fling various objects and players.,Horomori,29393,893592,220870
1000233041,3008 [2.74],3242289644,13543,5690755,Horror,Survival,2019-01-20T15:38:59.747Z,2026-05-16T23:17:21.923Z,"Thumbnail by: PlagueDoctor_Dash
---
Welcome to 3008, the unusually large furniture store. Wander through the vast horror land of home hardware located within 3008-1. Build a base, survive from employe",uglyburger0,13497,1979225,178865
7008097940,[🎂] Ink Game,3183167989,25853,21696989,All,Party & Casual,2024-12-31T03:07:28.08Z,2026-07-16T04:44:26.868Z,"🆕 NEW: ANNIVERSARY UPDATE + ADMIN ABUSE REWORK

🦑 Survive deadly challenges inspired by Squid Game.
🏆 Be the last one standing or rebel and escape with all your friends.
🎭 [3 ENDINGS] [REBEL, FINAL FI",games i think,25838,1197092,310974
9584852943,[X2] +1 Speed Keyboard Escape | Candy & Chocolate,3096645604,352377,4225846,All,Simulation,2026-01-18T17:49:45.993Z,2026-07-17T22:55:11.1409288Z,"🎀 Join the SecretVerse Studio group to unlock FREE gift in-game!

🍫 Welcome to +1 Speed Keyboard Escape | Candy & Chocolate! 🍫

⚡ Every step = +1 Speed
👟 Run, jump, and escape across a world made of c",SecretVerse Studio,372917,7898299,183982
1202096104,[VOLVO] Driving Empire 🏎️ Car Racing📦RP,3040487378,51379,31579925,Adventure,Simulation,2019-06-23T03:39:38.623Z,2026-07-17T20:43:42.4750118Z,"Welcome to Driving Empire, the #1 driving experience on Roblox! 

❗Latest Update | JULY 17, 2026 ❗
🚗 5 VOLVO VEHICLES!
✨ RETURNING PININFARINA LIMITED! 

🏁 Realistic open-world driving, racing simulat",Driving Empire by Voldex,51222,2456600,179602
1318971886,Break In (Story),2981613431,4072,4110376,All,Adventure,2019-09-09T23:20:17.843Z,2023-10-09T02:57:00.64Z,"Move in day! There are white brick balconies, an absence of drapes, nostalgic pictures lining the walls and the smell of new house. A wooden staircase leads upstairs where 12 beds wait lamely for occu",Cracky4,4060,1089991,120645
73885730,Prison Life,2959033486,9452,5917236,Town and City,Action,2014-05-02T01:25:47.94Z,2026-07-03T20:45:17.382Z,"Live life as a prisoner and escape, or become a guard and defend the prison!

Sniper Update! (1/24)
- Added Sniper pass
- Guards can now dispose of dropped key cards/guns
- Bug fixes and security upda",Aesthetical,9487,1510945,264071
1852226622,Gacha Online ✨ RP,2934953230,15056,2677929,Town and City,Roleplay & Avatar Sim,2020-07-05T00:52:01.23Z,2026-07-11T14:10:39.622Z,"✨NEW CLOTHING EVERY WEEK!✨
❄️ Welcome to Gacha Online✨, a cozy customization game where you can become ANYONE and anything!!
❄️ Be your favorite character, a dog or cat, or create your very own custom",SnowdustDev,14968,709951,196756
1008451066,Da Hood ⚽,2925191472,3792,2995713,Town and City,Action,2019-01-27T01:03:21.343Z,2026-07-16T12:46:52.5324254Z,"A difficult game, read below for tips. 
Account has to be at least 10 days to play. 

You can weave 100% if you time at the right time when blocking. To gain muscle buy weights at fitness. 
Eat lettuc",Da Hood Entertainment,3803,1291644,540022
1511883870,Shindo Life,2670101108,12184,3028662,All,RPG,2020-01-20T19:24:27.627Z,2026-07-08T01:18:59.013Z,"🔑 Welcome to Shindo Life (Shinobi Life 2)
🔷 Explore vast worlds, play many game modes, and mini-games. Battle various types of creatures known as spirits. Unlock and randomize many abilities, and awak",RELL World,12277,2197054,144655
4348829796,Murderers VS Sheriffs DUELS,2570585786,12507,10794365,Fighting,Action,2023-02-02T14:25:27.077Z,2026-07-17T05:54:46.8516479Z,"Play Murderers vs Sheriffs DUELS for intense solo (1v1s) and team-based (2v2, 3v3, 4v4) duels!

Unlock and master unique abilities to gain an edge over your opponent!
Collect and trade a variety of st",RED21 Games,12785,548508,101500
3317771874,👆 [TAP HEROES] Pet Simulator 99! ⚔️,2545791365,162404,2178762,All,Simulation,2022-02-05T13:30:02.357Z,2026-07-17T02:52:13.9406163Z,"Create an army of the coolest pets! They will help you get RICH!

✨ Currently 2,000+ pets to collect! 🐾

🧡 Thanks for playing!",BIG Games Pets,195762,3044618,168520
605887098,Car Dealership Tycoon [🏆 EVENT UNLOCK!],2507639357,3168,3687728,Adventure,Simulation,2018-03-27T03:37:58.937Z,2026-07-17T20:24:22.9880121Z,"👋 Welcome to Roblox’s #1 driving game!

🏢 Build your dealership
🚘 Collect 400+ cars
🏍️ Hyper cars, super cars, motorcycles, police cars, and more
🎨 Customize color, gloss, upgrades, and more
🏆 Compete",Foxzie,3196,1522417,115718
5650396773,a dusty trip [💀HARDCORE],2433980324,11750,2167357,Adventure,Adventure,2024-02-16T13:36:10.163Z,2026-07-17T22:59:04.9093579Z," Press R to start engine

🚗 Welcome to ""Dusty Trip,"" where adventures never cease! Embark on an epic journey through vast desert landscapes, where the road stretches endlessly before you.

🏜️ Immerse ",Jandel's Road Trip,11856,1998833,218689
110181652,Epic Minigames ✨,2334067491,2807,8407571,All,Party & Casual,2015-07-29T08:46:24.84Z,2026-07-01T11:39:50.551Z,"Welcome to Epic Minigames, the game where you can enjoy a collection of 138 unique and exciting minigames! 🕹️

Level up and earn coins by winning rounds, and spend your coins on gear, pets, effects, a",Typical Games,2820,2246453,234492
848145103,Dungeon Quest! ⚔️ RPG Adventure,2327523875,746,5856267,Fighting,RPG,2018-09-25T16:18:57.963Z,2026-05-01T17:58:18.137Z,"Step into the world of Dungeon Quest, and battle through dungeons with friends to slay the boss that awaits!

⚔️ Master distinctive classes
🗺️ Explore 17 unique dungeons
💰 Hunt for rare and powerful a",Dungeon Quest by Voldex,743,1158689,102266
4540138978,Metro Life 🏡 City RP,2271432485,15739,64840956,Town and City,Roleplay & Avatar Sim,2023-04-03T03:18:34.21Z,2026-07-17T09:06:57.3126253Z,"══ 07/17 UPDATE 134 ══
🌴 Explore the new RP scene: Coconut Resort Island!
🌊 The community event Water Park is back!
💄 Introducing the new Makeup feature!
💰 Enjoy the relaunched PASS discounts!

Welcom",Century Creators,15581,317218,48151
1016936714,[QOL] Your Bizarre Adventure,2232400231,2889,1955031,All,RPG,2019-02-02T05:23:55.273Z,2026-07-17T22:30:38.5423569Z,"『(7/17/26) UPDATE 1.7974』
➢ New Quality of Life changes, Bug Fixes, updated NPC/Item dialogues!
➢ Read the in-game patch notes for more update information!

Welcome to Your Bizarre Adventure, an MMORP",Bizarre Studios®,3005,1440535,179665
1831550657,💥 Creatures of Sonaria ✨ Survive Kaiju Animals,2109490838,41693,10646194,All,Roleplay & Avatar Sim,2020-06-25T17:33:51.58Z,2026-07-17T22:11:33.0500482Z,"🦖 Start as a young, weak creature and become stronger and explore this immersive survival experience for food and water! Will you survive?

🌟 Favorite the game and join Sonar Studios' for in-game rewa",Sonar Studios,41611,1371898,112019
2936053166,[🦑] Squid Game X,2055500269,12541,1648139,Adventure,Party & Casual,2021-09-24T23:38:34.723Z,2026-07-08T02:24:01.845Z,"🌟NEW CODE🌟
""$1.2M""
Next big code at 1.4M likes! 👍

SEASON 3 !!!
🚨UPDATE🚨
-NEW GAMEMODE SKY SQUID
-NEW GAMEMODE HIDE AND SEEK / KEYS AND KNIVES
-NEW GAMEMODE JUMP ROPE

We are a small development group",redifi,12603,1350257,92174
5361032378,Sol's RNG [ Boss Raid Hell🔥],2011234026,31968,981599,All,Simulation,2023-12-03T08:42:00.263Z,2026-07-16T06:55:46.63Z,"🎲 Sol's RNG is the #1 luck-based RNG game on Roblox! Roll for 400+ unique auras, craft powerful gear, and drink potions to boost your luck. How rare can you go?

🔄 Click """"Roll"""" to discover 400+ uniq",Sol's Studio,32013,1377578,132152
2404080894,Funky Friday,1998536471,2764,4095615,All,Action,2021-02-26T17:11:10.537Z,2026-07-07T17:01:18.868Z,"beat box battle

Keybinds/arrow skins are now located under settings!

SHUTDOWN = UPDATE
🎮 Console - D-PAD or XYBA 
@Jaudr3y & @TreblaDev - Map Designer",Lyte Interactive,2666,1964252,213519
5578556129,Anime Vanguards: Extermination Event Pt. 1,1996209267,17759,1970691,All,Strategy,2024-01-28T07:09:39.507Z,2026-07-16T17:17:42.9200959Z,"Welcome To Anime Vanguards! 

✨ All the worlds and universes need your help! An event has caused multiple worlds to collide. Summon units to fight these enemies and save these worlds and embark on a t",Kitawari,17886,2579223,86311
4908792642,[🌊W101] Obby But You’re On a Bike,1924403352,2781,8438999,All,Obby & Platformer,2023-07-25T01:02:09.64Z,2026-07-14T19:43:06.09Z,"
🚴 Beat the Obby on Your Trusty Bike!
🏁 Explore 101 unique worlds with 100 challenging stages!
⏰ Compete on Speedrun Leaderboards and prove you’re the ultimate rider.
💖 Thank you to all our amazing pl",FORTUNE 777,2873,938895,290078
7332711118,Brainrot Evolution,1858123682,3496,2452408,All,Simulation,2025-03-05T12:31:51.16Z,2026-07-15T20:13:27.453Z,"Welcome to Brainrot Evolution!  

UPDATES EVERY SATURDAY!

⚔️ Eat to gain levels!
🧬 Gain levels to unlock new Brainrot Evolutions!
🏆 Collect Wins & Pets!


PREMIUM PLAYERS GET +10% Wins & +10% EXP

Ta",Brainrot Evolution,3797,1970222,64465
113491250,Phantom Forces,1784447063,2475,5966254,FPS,Shooter,2015-08-31T06:00:14.907Z,2026-07-15T17:32:26.389Z,"Phantom Forces is an FPS featuring thousands of possible weapon loadouts you can create!
Fully customize your weapons with hundreds of attachments and skins for playing!
Compete with your friends in d",StyLiS Studios,2485,2458250,249706
3990106548,Baddies 💅,1771185011,13098,6325250,All,Action,2022-10-03T23:09:42.303Z,2026-07-14T22:08:15.546Z,"Mop Baddies, Hang Out, Get Money  

UPDATES every weekend!!  

Controls: 
• E = STOMP: Stomp on down players to whoop them.
• F = PULL HAIR: Charge your blue bar by hitting others and press F to get p",Meow Meow Games!,12967,453395,92704
3308103880,[🩸] Maple Hospital 🍂,1756630813,8440,1914611,RPG,Roleplay & Avatar Sim,2022-02-01T20:46:41.673Z,2026-07-17T21:19:55.7053941Z,"🍂 Maple Hospital is a highly functional and realistic hospital roleplay experience built with the help of a licensed nurse!

- Diagnose and Treat Illnesses🦴
- Help Nurses and Doctors 🩹  
- Endure Surg",Marizma Games,8366,465035,74058
83858907,[🌴] Speed Run 4,1737219416,2051,4541238,Adventure,Obby & Platformer,2014-10-20T20:45:51.687Z,2026-07-08T00:19:45.921Z,"[🌴 The Summer Event]  - Explore Summer World,  collect ice creams, complete challenges, and unlock new items and levels!

Join in the fast paced fun and test your skill with this challenging platforme",Vurse,2041,1033322,366977
4568630521,[LOVESICK KILLER] Heroes Battlegrounds,1662217566,12176,1545423,Fighting,Action,2023-04-11T02:16:49.137Z,2026-07-14T03:19:50.011Z,"This update: LOVESICK KILLER ULT & RELEASE, NEW EMOTES, BUG FIXES & QOL UPDATES
--
Fight to become the #1 Hero or Villain.

🎮 This experience works on all devices (CONSOLE, PC, MOBILE).
❤️ Please cons",more awesome games yo,12112,1095269,184383
1235188606,[LEGO] Dragon Adventures 🐉,1660851346,17484,13995035,Adventure,RPG,2019-07-15T16:19:10.623Z,2026-07-17T23:16:18.9102477Z,"Embark on the adventure of a lifetime in Dragon Adventures, the ultimate pet dragon taming RPG! Explore breathtaking worlds filled with majestic dragons and hidden treasures. Will you rise to become a",Sonar Studios,17340,1091882,77217
31970568,Theme Park Tycoon 2,1590590318,8252,6057750,Building,Simulation,2012-01-02T05:48:04.77Z,2026-07-11T14:49:57.671Z,"In Theme Park Tycoon 2 you get your own plot of land to build your own theme park on, together with your friends! Construct a range of rides the way you want and design your own roller coasters to tru",Den_S,8451,2064887,255904
9186719164,[2X🍀⚔️]  Sailor Piece,1581982000,5209,827892,All,RPG,2025-11-17T00:39:15.91Z,2026-07-16T18:46:04.1043542Z,"⭐ Join our community server to stay up to date with news, updates, and exclusive reward codes!

⚓ Sailor Piece
Max Level: 20000

NEW CODES: 
KINGUPDATEHASARRIVED
RAIDUPDATENOW

Dive into an action-pac",Shadowrise Devs,5178,1233930,50820
5166944221,[UPD] Death Ball,1571074118,9847,1678770,All,Action,2023-10-08T05:12:53.817Z,2026-07-15T06:37:04.571Z,"Deflect the ball, unlock champions, climb the ladder and become the best player in the world in this fast paced PVP game!

⚠️ WARNING ⚠️
Exploiting and farming is strictly prohibited and will result i",⨯ Small World Games,9812,2917013,117059
903807016,Emergency Response: Liberty County,1541169543,10161,2810601,Town and City,Roleplay & Avatar Sim,2018-11-01T14:20:51.62Z,2026-07-15T04:52:43.542Z,"🚔 Chase criminals, rescue civilians, race through the streets, and make a name for yourself in Liberty County!

Emergency Response: Liberty County is an emergency services simulation game. Play as a C",Police Roleplay Community,10256,1165676,116759
10004244222,[🌴] Kick a Lucky Block,1452481347,50780,23150915,All,Simulation,2026-04-07T17:46:03.203Z,2026-07-17T07:26:32.1765009Z,"Kick a Lucky Block! 😎

🍀 Kick the lucky block & Roll a brainrot
🌊 Survive the tsunami that you've triggered!
👷 Place the collected brainrot on your plot to earn money!
💪 Buy weights and train your leg",No More Flops,49313,1190941,57690
1390601379,Combat Warriors,1435984144,2713,2360680,Fighting,Action,2019-11-03T00:57:01.03Z,2026-06-22T07:45:48.167Z,"A bloody and gory melee & ranged weapon fighting game.

Premium users have access to Premium AFK Rewards by clicking the button with the Premium icon found on the bottom left of the main menu

2x XP +",PlayCombatWarriors,2731,1360704,268180
2655311011,[⭐2X] Anime Dimensions Simulator,1423855249,351,3254899,Fighting,RPG,2021-06-11T06:21:45.213Z,2026-01-13T22:33:24.82Z,"🌌 MINI UPDATE:
🎁CODE: MINIUPDATE

AFK Place now gives double the rewards on weekends!
Limited Raids now rotate every week. 3 Raids will be open at once
Old Limited Costumes will automatically rotate i",Albatross Games,365,2303399,60457
547524060,Feather Family [Lourie],1415525321,6775,2208843,All,Roleplay & Avatar Sim,2018-01-24T07:31:41.76Z,2026-07-12T06:24:30.187Z,"🕊️ Bird Roleplay 🕊️
Explore the world as one of many types of birds! Choose your species, customize yourself, hatch from an egg, grow up, build your own nest, and join flocks!

Next Update: Friday, Ju",The Feather Family 🕊️,6685,456709,41655
371263894,Greenville,1409863209,8616,2636648,Town and City,Roleplay & Avatar Sim,2017-06-28T12:52:29.43Z,2026-07-15T03:00:38.079Z,"🏡 🚗 Greenville is one of the biggest, most realistic car & roleplay games on Roblox, with hundreds of cars of all types for you to choose and drive! Set in a small American town, Greenville is the per","Greenville, Wisconsin",8596,1030208,144062
4949420752,Realistic Street Soccer,1377724563,44436,635539,Sports,Sports & Racing,2023-08-04T18:34:38.06Z,2026-07-17T22:54:43.3156547Z,"If you read this, you should join immediately.
Welcome to Realistic Street Soccer! 

💬 Join the community server through Social Links to keep up with every update!

CONTROLS (PC):
Hold Left Click - Sh",The Builder's Legion,44201,421862,75339
7219654364,[🔱DUELS] Murderers VS Sheriffs,1364928424,70816,14223713,All,Action,2025-02-09T12:47:47.52Z,2026-07-15T11:41:31.016Z,"Welcome to [DUELS] Murderers VS Sheriffs

🚨 Use code 1BVISITS for a free knife! Thanks for playing!

Duel, improve your aim and have fun

WARNING:
Exploits or cheating of any kind will result in a per",MVS Duels Community,70925,198628,28558
4730278139,untitled boxing game 🥊,1353982131,10130,1286282,Fighting,Action,2023-06-02T00:43:44.32Z,2026-07-13T06:30:26.519Z,"🥊 EVERY 100 LIKES = 5 SPINS FOR EVERYONE IN THE GAME! 🥊 

Fight people for money lol 👊💰 
- You can use code, AND in-game to get  
- No matter what style you have, ALL of them are viable 💪
- Rarer figh",drowningsome,10103,1333994,196447
2992873140,Emergency Hamburg,1351333093,11504,991904,Town and City,Roleplay & Avatar Sim,2021-10-11T16:28:50.847Z,2026-07-16T21:15:48.3254054Z,"Emergency Hamburg is an emergency services role-playing game where you can be a police officer, citizen, firefighter, medic, bus driver, car mechanic, truck driver, or criminal in the German city of H",Emergency Hamburg,12171,471834,79685
4293374620,[🏆⚽] FIFA Super Soccer,1351284050,39590,934132,Sports,Sports & Racing,2023-01-16T19:20:52.88Z,2026-07-17T21:01:04.8983694Z,"The game is played as 4v4 in a packed stadium. Be the best goalkeeper, the midfield master or the star striker. Show off the best saves, deliver the assists, or score the most beautiful bicycle kicks.",Play! Football,39237,409461,91551
274816972,[☀️] Car Crushers 2 - Physics Simulation,1343898816,2536,6882615,All,Simulation,2017-02-11T16:19:43.283Z,2026-07-16T10:55:27.157Z,"Car crushers 2 is the perfect game when you feel like destroying stuff for fun! Smash cars in 59 different crushers, destroy supercars in Demolition Derby, survive the whole server getting nuked or ra",Car Crushers Community,2514,1948894,136950
4582358979,Arm Wrestle Simulator,1306621951,2613,1005255,All,Simulation,2023-04-14T18:25:43.973Z,2026-07-13T15:34:53.499Z,"Welcome To Arm Wrestle Simulator ⭐️ UPDATE EVERY SATURDAY!

📈 3+ YEARS of content + updates  
🔢 INSANE scaling (trillions → e100+)
🌍 26 WORLDS to unlock  

🏋️ Train. 💪 Fight. ♻️ Rebirth. Repeat.  
🐶 S",Kubo Games,2614,1239197,66997
2471084,🌳 Lumber Tycoon 2,1305390907,1772,4607209,Adventure,Simulation,2009-07-30T11:02:45.77Z,2026-06-28T00:18:53.718Z,"Welcome to Lumberland!

Deforest your surroundings and build your dreams! Check the changelog to keep up with the most recent updates. You can find it in the game menu.

Thanks for playing!",Defaultio,1737,2020084,283556
578392296,ABA,1290095869,7658,995125,Fighting,Action,2018-02-25T17:09:21.81Z,2026-07-16T16:19:44.9748489Z,"rate👍if you like aba
ANIME BATTLE ARENA

Controls:
Shift: Sprint
Q: Dodge
F: Block
Basic Attack: Mouse1
Space+Mouse1: Aerial Attack
Combine Basic Attacks and Aerial Attacks to discover new combos.
Use",Dogs Studios: South,7693,503220,119028
10200395747,Grow a Garden 2,1281990150,446226,614277,All,Simulation,2026-05-21T19:45:07.879Z,2026-07-17T06:41:41.6669849Z,"🌱Welcome to Grow a Garden 2🌱

How to Play:
• Buy seeds from the shop when they restock🛒
• Plant them in your farm and watch them grow🌻
• Harvest your crops and sell for sheckles🪙 
• Make a guild to co",Strawberreh Squad,428207,674733,86282
648454481,[🎮CONTROLLER🎮] Grand Piece Online,1275917289,3249,1494488,Adventure,RPG,2018-05-06T21:26:37.793Z,2026-07-15T03:09:01.035Z,"Set out on a journey on the vast sea in seek of wealth, fame, and power! Gain experience through quests, discover various fighting styles, and find ability-granting fruits to become stronger! Fight bo",Grand Quest Games,3098,1060813,120161
8539298853,Scary Shawarma Kiosk: the ANOMALY [horror],1232876044,14127,1665825,All,Survival,2025-08-25T00:39:08.193Z,2026-07-14T06:32:01.181Z,"✨ **Congratulations - you’ve been hired!** ✨
Welcome to your first night shift at 🌯 ""Shawarma 24""

🔥 The job is simple: Keep the grill hot, serve every order

 Oh, and one more thing...
Try to stick t",kharbor_ykt,14312,362696,40556
115797356,[NEW CASE!] Counter Blox,1229207213,868,2840928,FPS,Shooter,2015-09-27T07:13:41.767Z,2026-07-13T21:18:49.409Z,"Take part in a 5v5 team based fire fight across a variety of maps spanning across the globe.

Earn in-match money by eliminating enemies and playing objectives, which you can use to buy new weapons, g",Headwind,887,934638,200806
2294168059,[NIGHTMARE] The Mimic,1225869827,6054,3302716,Horror,Survival,2021-01-15T04:42:49.633Z,2026-07-12T09:40:09.418Z,"RAGE CHAPTER 1 (NIGHTMARE MODE) OUT NOW!

Icon and thumbnail art by Tempest


ABOUT:  Four stories created from Japanese history and urban legends with a twist. In each book, you will find yourself as",CTStudio,6045,1109136,123073
6739698191,[CURE] Violence District,1111187043,41534,1367841,All,Survival,2024-10-31T00:18:08.683Z,2026-07-17T15:59:04.1338299Z,"><><-GAME IS IN ALPHA, EXPECT BUGS AND CHANGES-><><
if you manage to clip any bugs, feel free to show us in #bug-reports in our server 

Violence District is a casual asymmetrical horror game where 5 ",VIOLENCE DISTRICT,40225,624041,45760
5995470825,🔥Hypershot,1106820890,16590,17007785,FPS,Shooter,2024-05-17T04:08:24.07Z,2026-07-17T19:04:47.2110249Z,"✨Welcome to Hypershot!✨
Jump into our intense and fast paced first person gunfight shooter where skill, style, and chaos rule supreme! 

🏆Dominate in intense classic gamemodes such as Team Deathmatch,",Frosted Studio,16352,1668420,91387
7028566528,[🕶️UPD] Basketball: Zero,1080057746,15087,2128888,All,Sports & Racing,2025-01-03T14:36:41.333Z,2026-07-17T18:14:35.5845829Z,"THIS IS A COOL BASKETBALL GAME, ITS 5V5 BASKETBALL, FAST PACED AND EASY TO PLAY!

 Choose a character class with unique abilities and dominate the court with your AURA!

CONTROLS:
Shoot – (Hold) Left ",Current.,15091,6935624,118619
1526814825,[SCUD] War Tycoon,1070359958,9977,4275597,Fighting,Simulation,2020-01-29T00:12:02.89Z,2026-07-17T19:17:07.7934768Z,"👍 New Code at 1.1M Likes!

[UPDATE LOG]
- New 2P19 SCUD Launcher (Unlocks at Rebirth 6)
- YF-23 Black Widow II (Limited)
- New Badge Popups
& Several other changes
https://devforum.roblox.com/t/182966",KizmoTek Studio,10081,1079823,102080
6765805766,BlockSpin 🔪 ,1062538875,31996,949826,All,Action,2024-11-06T14:19:35.68Z,2026-07-10T21:04:24.937Z,"👍👍 Thumbs up the game for more updates! 

Use code W7C28D for $500 free cash if you're a new player!

Spin the block. Grind your way through jobs to unbox random reward cases, and level up your charac",Cinnamon Go!,31873,254760,71185
4658598196,Attack on Titan Revolution,1059798719,19119,1396461,Adventure,RPG,2023-05-07T20:08:19.05Z,2026-07-06T20:14:41.043Z,"NEW CODE at 1,350,000 LIKES! All current codes are in the community server!

🔥 Join the battle of freedom and lead humanity in the REVOLUTION against the titans! 🔥

🗡️ Customize your ODM play style wi",AoTR [PI],19177,1349867,56254
7474367816,Climb and Jump Tower [NEW WORLD],1047093096,9654,1303554,All,Simulation,2025-04-02T02:03:08.21Z,2026-07-13T06:25:25.704Z,"Welcome to Climb and Jump Tower! 

In this thrilling game, you and your friends will tackle daring heights, scaling iconic landmarks like the Eiffel Tower, Statue of Liberty, Leaning Tower of Pisa, an",Climbing World,9578,1261125,35362
5012222382,Gunfight Arena,1035606219,2135,1809375,Fighting,Shooter,2023-08-21T11:49:05.123Z,2026-07-08T15:41:19.317Z,"🧨 DEAL DOUBLE DAMAGE 🧨 When you play with your friends! 💣


⭐ Eliminate other players and level up!
💰 Level up to earn more Credits!
☢️ Try to get a nuke!

💖 Thanks to everyone for the support!


💰💰💰 ",Gunfight Studio,2036,689457,95636
9384605736,[🛠️ UPD!] Knockout! 🐧,1026399425,3037,16887002,All,Party & Casual,2025-12-19T19:25:28.177Z,2026-07-16T21:22:23.1057277Z,"❌You can't see their aim 
❌ You can't see their power 
✅ Last one on the ice wins!

👊 Predict and out-maneuver to be the last penguin standing! 🐧
🏆 Unlock skins by winning ice! 🧊

Owning a private ser",braxworks,2950,2710451,108375
10148749921,Animal Hospital (Anomaly) 🧪,1016214755,454912,1546896,All,Survival,2026-05-10T15:38:25.274Z,2026-07-17T21:49:03.9349316Z,"You got hired to work the night shift at Animal Hospital, its now your job to treat the patients.


but some patients are acting weird...

🏥 🩺 🚑  🧪",Animal Anomaly,450012,708981,38810
4807308814,Break In 2 (Story),1012537462,3230,838001,All,Adventure,2023-06-25T22:40:17.55Z,2025-04-04T05:05:16.887Z,"A family lost with no help in sight,
rain, hail and thunder made an unpleasant night,
they took to the forest for shelter from harm,
but the tall trees above could not keep them calm,
they travelled a",Cracky4,3176,338860,54873
7074860883,ARISE 1.0 [🚨STATUS: IN DEV ],1010671263,485,2740464,All,Simulation,2025-01-12T03:37:08.22Z,2026-04-04T01:22:40.651Z,"ARISE 1.0 | STATUS: IN DEV

🚧 We are starting the development of the official 1.0 version
👥 The team responsible is already being assembled
🚀 The beginning of something much bigger is in the making

👍",CL GAMES!,489,1290227,41309
1782832995,[👊THE ASHURA🥊] A Universal Time,985229690,2278,1412443,Fighting,RPG,2020-06-03T17:36:20.067Z,2026-07-05T17:16:58.82Z,"A Universal Time Update 6.2
- 🪚 New Abilities: The Ashura
- ✅ New Early Access Abilities: Water Breathing, Moon Breathing, Thunder Breathing, Insect Breathing, Slayer Trainee
- 🔧 Bug Fixes / Balances ",Universe Time Studio,2299,907303,146690
3476371299,⚡Race Clicker,972613809,758,1353333,Adventure,Sports & Racing,2022-04-05T03:56:16.65Z,2026-06-06T18:21:22.591Z,"Welcome to the Race Clicker!
 Reach the finish line in under 2 minutes and earn wins!

💡 How To Play:
- Click to go faster ⚡
- More wins give more speed 🏆
- Reach the END of the levels 🎌
- Get in the ",48h Games,775,1557062,63561
2366560560,[NEW] Miraculous™ RP: Ladybug & Cat Noir,957987783,1654,2299991,Town and City,Roleplay & Avatar Sim,2021-02-11T10:27:17.263Z,2026-07-17T13:55:47.2319522Z,"Official Miraculous™ RP: Quests of Ladybug & Cat Noir takes you into Miraculous Paris. Play as iconic characters from the show, hang out with friends, visit familiar locations & play mini-games! Decor",Toya,1646,248355,43694
184199275,[🔥2X] NFL Universe Football,943908033,9540,1838597,Sports,Sports & Racing,2018-09-12T00:25:49.94Z,2026-07-17T22:19:44.534367Z,"Welcome to NFL Universe Football, the top football experience on Roblox!

🏈 Play for any of your favorite 32 NFL teams
🧢 Get your hands on exclusive NFL items
🏆 Compete in thrilling football games wit",NFL Universe Football by Voldex,9519,539859,59621
2647834887,🔨 MM2 Aim Trainer,877772701,2257,20312316,All,Shooter,2021-06-07T23:15:19.527Z,2025-04-16T01:29:21.867Z,"🎯 Improve MM2 aim by training everyday!

💰 Rejoin when purchasing a gamepass!

⭐ Premium Benefits:
- 🧊 Icecrusher knife skin
- 🧊 Icepiercer gun skin

🎮 PLAY MM2 HERE:
https://www.roblox.com/games/1428",blu's buds,2301,316978,46644
2865535599,[DUMPLINGS!] Pop It Trading ✨,835223391,471,2763091,All,Simulation,2021-08-28T00:38:43.493Z,2026-07-17T19:59:21.3647704Z,"🎉 SATURDAY SPARKLE PARTY:  get a free rainbow item at the sparkle party every saturday !! 

✨ COLLECT + TRADE ITEMS ! 
✨ SOME ITEMS ARE MORE RARE THAN OTHERS ! 😱

👍 LIKE THE GAME IF YOU WANT TO BE A B",club XOX,468,418597,52915
5972059550,Gym League ,811668132,1512,3933417,All,Simulation,2024-05-10T23:19:30.19Z,2026-06-15T21:12:00.884Z,"Welcome To Gym League! 🔥
A Bodybuilding Simulator with realistic muscle physics and competitions.

Private servers are now available!

☁️ This game is still under development. Please report bugs from ",1v2 Studios,1549,1105727,38757
1668992109,Total Roblox Drama,786048822,4426,1012267,Adventure,Party & Casual,2020-04-12T11:27:32.19Z,2026-06-08T17:41:16.87Z,"Welcome to ROBLOX's most dramatic game show: Total Roblox Drama! 
The only fan game authorised by Fresh TV, the creators of Total Drama Island! 
Play anonymously while you're put through some crazy ch",Mojo's Games,4513,313419,64932
124283622,TPS: Street Soccer 🏆,785289594,1857,643814,Sports,Sports & Racing,2015-12-23T17:26:52.283Z,2026-07-16T06:12:24.908Z,"💣 Play fun and fast-paced street football! Use powerful abilities, score amazing goals, upgrade your player cards, climb the leaderboards, and become the best!

🏆 TPS Ultimate Soccer: https://www.robl",TAYFUN7,1891,254676,86206
2851381018,Taxi Boss 🚖,775316831,8710,1319150,Town and City,Simulation,2021-08-22T14:37:42.743Z,2026-07-17T19:50:12.9862007Z,"Thanks for 600K Likes! Use code 'THX600K', next code at 800K! 

💰 Use code 'START' for 1000 bucks! 
🏁 In this city, everyone needs a ride! 
💸 Customers pay more the quicker they get to their destinati",Taxi Boss Group,8740,629028,42582
6170143659,Demonology🕯️,758240541,13158,1111833,All,Survival,2024-06-25T05:21:08.317Z,2026-06-27T18:19:43.02Z,"🕯️Use the tools at your disposal to hunt down and identify the evil spirits haunting your jobsite!

👁️ For the best experience, play with max graphic settings!
🎙️ Sadly, voice chat can't be used to as",Blaqk Magic Blue,13222,308153,14169
21164849,Pilot Training Flight Simulator,756713773,3836,1792891,Adventure,Simulation,2010-01-04T12:59:06.023Z,2026-05-26T09:22:21.248Z,"We’re closing in on 850k likes! Leave a rating and help us reach this huge milestone!

Welcome to Pilot Training where you can fly a wide range of different aircraft ranging from the mighty An-225, to",Pilot Training Club,3807,829622,61300
7703614594,[⏳🌳🍀] Garden Tower Defense 🌻,756291070,7623,460281,All,Strategy,2025-05-14T20:49:41.727Z,2026-07-17T23:03:12.7245257Z,"🌻 Assemble a Garden Tower Defense army to defeat the swarms of Enemies and defend your Base. Will you have what it takes to survive?

🌻Over 350 Plants, Flowers and MORE to grow, each with SPECIAL ATTA",Garden Defenders,7455,1410503,25022
1278035280,Warrior Cats: Ultimate Edition,748969419,6188,1447923,RPG,Roleplay & Avatar Sim,2019-08-15T21:39:42.407Z,2026-07-10T14:59:06.544Z,"Create your own Warrior Cats and roleplay in this official game based on ""Warriors"", The New York Times best-selling series of fantasy books.

Warrior Cats: Ultimate Edition brings the ""Warriors"" seri",WarriorCatsRP,6263,484118,36283
4931927012,[UPD] 🏀Basketball Legends🏀,735761927,7083,657479,Sports,Sports & Racing,2023-07-31T07:11:02.877Z,2026-07-17T13:05:59.8044553Z,"🏀Welcome to Basketball Legends! A new basketball experience with quick gameplay that lets players quickly join a 5v5 or select pickups. 🏀

Leave a like 👍 and favorite ⭐ for more Basketball Legends con",InfinitySports,7172,617929,101158
3808223175,[⚖️JUDGEMAN] Jujutsu Infinite,711262895,2381,3169736,All,RPG,2022-08-02T10:32:02.04Z,2026-07-01T02:37:52.333Z,"📱💻🎮 Available for all devices! (MOBILE, PC, CONSOLE)

👍⭐ Like and favorite the game for more updates!

🌠 2X EXP active on weekends!

⚖️Judgeman Rework: New rework for judgeman, and other quality of li",Awesome Ninja Games,2395,1792458,59626
107172930,Horrific Housing,706654986,2468,1948220,Comedy,Survival,2015-06-27T15:30:12.92Z,2026-07-14T14:49:37.802Z,"Just for a bit of fun.

Can you survive a laundry list of exciting randomly chosen disasters? All you have is a small floating plot of land with a house - are you able to out live your opponents?

pls",CookieScript's games,2408,734090,205431
3756501373,[UPDATE 4] Meme Sea,697033684,2086,425298,Adventure,RPG,2022-07-17T17:50:50.527Z,2026-07-10T17:21:32.654Z,"🌊Welcome to Meme Sea🌊

 🔨 This game is developed by a Solo Dev.
Updates may not be frequent, but I'll do my best to update the game as soon as possible!
Thank you all for your support!

🔰Current Level",Meme Sea Group,2043,408903,32242
5720553711,NewSmith 🏡 RP,687784468,9440,2665032,Town and City,Roleplay & Avatar Sim,2024-03-04T14:44:04.163Z,2026-07-17T06:35:32.5435615Z,"Welcome to NewSmith🏡!

This is a more authentic world. We live in this small town with friends and family.👪

Thank you for playing!
Join our group ⭐ and Like the game 👍 to get a Toy Car!
We will have ",ARKverse office,9369,228084,20164
4181957649,Ultimate Battlegrounds,687171645,3345,1073524,Fighting,Action,2022-12-13T22:24:03.833Z,2026-05-30T08:36:19.065Z,"Quality fighting game, suggest new characters in our server 

MORE UPDATES SOON!!

⭐ Please leave a like to show your support!

🖥️ Controls
G - Transform
F - block
Q - dash
Q (while ragdolled) - ragdo",By,3233,393622,83063
972475338,🚩Expedition Antarctica,684374581,4559,1829831,Adventure,Adventure,2018-12-30T09:43:12.993Z,2026-06-30T12:32:55.479Z,"❄️🚩Team up with friends or go solo and embark on an epic snowy adventure across Antarctica to reach the South Pole! 🚩❄️

Summit the highest Antarctic mountain and conquer the icebergs, glaciers and mo",Playduo Studio,4504,490440,79674
2443177453,Basically FNF: Remix,681199399,2384,1192713,All,Action,2021-03-15T02:14:38.753Z,2026-07-17T19:57:45.3611349Z,"basically Friday Night Funk, but again.
Make sure you play the real FNF (and its mods) if you can.

How to play: WASD or Arrow keys (can be changed in-game)

BFNF:R and its content is FREE, will alway",BitWørks,2387,438870,52296
6594435384,SpongeBob Tower Defense🍍,675492240,771,2926149,All,Strategy,2024-09-24T10:53:40.05Z,2026-07-16T14:39:24.737577Z,"Welcome to SpongeBob Tower Defense! 🌊🍍

🧽 Suit up with SpongeBob, Patrick, and the whole crew in this action-packed tower defense game where the stakes have never been higher! Legendary heroes and fie",Krabby Krew,772,1550848,35822
4850044287,Together [Party Game],672445795,7468,1392100,All,Obby & Platformer,2023-07-08T19:25:49.69Z,2026-06-22T21:13:12.947Z,"Make your way through teamwork-based levels with your friends!

-- v --
JOIN OUR GROUP FOR A FREE HAT IN-GAME! 

Feel free to leave level suggestions in the group forums,
I read everything posted ther",Maxx Fun,7517,177720,30847
2682938349,[🎪🎉] Wild Horse Islands 🐴,643681805,10334,642263,Adventure,Roleplay & Avatar Sim,2021-06-22T16:46:19.733Z,2026-07-17T17:12:02.0983176Z,"🎪🎉 The Summer Carnival is on now! Collect the 75+ limited time items, accessories, and horses! 🎪🎉

Saddle up your dream horse and explore vast islands where wild horses roam free! Capture them to buil",Happy Acres,10349,244561,20928
1312971993,[✨] Saber Simulator,637746830,2041,2008763,Fighting,Simulation,2019-09-07T00:35:42.387Z,2026-07-17T17:13:02.4933928Z,"Welcome to Saber Simulator!

HOW TO PLAY:
⚡ Train your character by swinging your sword and gathering strength. 
💪🏻 Use strength to fight other players. 
💰 Sell your strength for coins and upgrade you",HD Games.,2069,569202,90667
4518160318,Mansion Tycoon 🌴🏠,625722648,3621,1120606,All,Simulation,2023-03-26T21:52:23.157Z,2026-06-05T17:24:28.93Z,"👍 Like and favorite the game to show us you want more mansions! 👍

Build a mansion, penthouse, or yacht, drive cool cars, race your cars at the race track, roleplay with other players, and so much mor",Capybara's Productions,3627,692224,21342
5148099079,[SKINS] Bike of Hell,616911237,1539,2119468,Adventure,Obby & Platformer,2023-10-01T20:10:43.37Z,2026-06-17T22:12:41.876Z,"If you enjoy this game, please give it a thumbs up 👍 and favorite ⭐.
💖This game is a partnership with the creators of Obby But You're on a Bike!💖

Update:
- 6 NEW SKINS!

⭐ JUMP to go Faster!
🚴 Win Ra",Captain Grumpy Games,1495,359226,141002
2783797267,[💥RV Park💥] American Plains Mudding,611047406,12746,6796945,All,Simulation,2021-07-29T15:11:10.903Z,2026-07-17T22:29:55.0243101Z,"🚜 Pioneering vehicles, trailers, and customization on Roblox. We ain't corporate cash-grab; we’re a project built on faith, grit, and a love for the machine.

🚨 7/11 Update
- New Camper (Most advanced",American Plains Mudding,12719,330261,38655
1147304238,[🏝️] Dragon Blox,609341352,946,1271929,All,RPG,2019-05-14T03:45:02.663Z,2026-07-17T14:33:54.4850289Z,"🔥 Welcome to Dragon Blox! Enjoy the world of Saiyans and become strongest of them all! 🔥 

💪 Stat & 🍀LUCK Multiplier every Weekend!
🧪 Unique Orb spawns in each world every hour / Despawns after 20 min",G RBLX Games,923,466495,45751
1527252839,Ben 10 Super Hero Time,593100113,986,2567040,RPG,Action,2020-01-29T10:42:13.84Z,2026-07-17T15:41:36.5669135Z,"Welcome to Ben 10: Super Hero Time! ⌚👦🔟 The one and only OFFICIAL Roblox game by Cartoon Network!

🎁 Use Code ""500m"" for a free alien!

⚡ 👽Transform into Your Favourite Aliens and Save the Day!
🦾 Batt",Cartoon Network Games,984,80291,23200
1054526971,Blackhawk Rescue Mission 5,588658371,5290,1658674,Military,Action,2019-03-03T04:44:11.087Z,2026-07-17T20:58:50.9138362Z,Blackhawk Rescue Mission 5 is a tactical openworld shooter with vast maps and thrilling gameplay. Engage in team-based combat throughout Ronograd Island or rescue survivors in the exciting new ZOMBIES,PLATINUM FIVE,5262,597392,65742
5620182793,[W72] Skateboard Obby,584443013,2036,2294795,All,Obby & Platformer,2024-02-08T18:00:14.253Z,2026-06-10T01:20:04.063Z,"🏁NEW PERMANENT GAME MODE: FLEE MODE!
🏆FREE UNIQUE BOARD IF YOU WIN IT!
🏆NEW BATTLE PASS SEASON WITH FREE REWARDS
🌎WORLD 72
🌎SUMMER WORLD
🪙COLLECTIBLE EVENT IN SUMMER WORLD

🛠️This game is currently in",Gorilla Obby,1997,226000,50483
9348272796,Survive Zombie Arena,581834788,18557,541852,All,Survival,2025-12-13T12:08:14.347Z,2026-07-16T22:05:05.7860943Z,"🧟 500+ ZOMBIES. ONE ARENA. NO MERCY.

⚔️ Unlock powerful guns
👹 Fight massive waves
👥 Team up with friends
🏆 Climb the wave leaderboard

How long can YOU last?",Nectarforge Studios,18193,362464,16556
1998835206,[🌞] item asylum,579405082,2826,1165901,Fighting,Action,2020-09-08T23:56:46.457Z,2026-07-13T12:29:25.217Z,"!! WARNING: THIS GAME CONTAINS FLASHING LIGHTS AND LOUD NOISES !!

a meme and reference-filled randomizer fighting experience. can it get more chaotic?

how the experience works: every time you respaw",Jean's Bizarre Community,2842,507705,76308
1053132402,Obby Creator,561691334,2247,967206,Building,Simulation,2019-03-02T12:06:10.6Z,2026-02-05T19:31:40.376Z,"🔨 Make an obby, showcase or cart ride!
👬 Build alone or with friends!
👍 Earn Likes to climb the leaderboards!
🎮 Play millions of user-created obbies!

Update Logs: https://devforum.roblox.com/t/-/3725",Whirlpool Studio,2254,294648,70765
4342047058,[UPDATE] Guts & Blackpowder,554813208,7395,1247814,Military,Shooter,2023-01-31T05:45:51.933Z,2026-07-16T00:55:58.965Z,"v0.17.9a

Guts & Blackpowder is a game taking place during the Napoleonic Wars with the undead zombie masses rising from the ground. A group of survivors must hold out against the horde, only armed wi",Guts & Blackpowder,7493,497099,30535
3262314006,[❤️Update] Weapon Fighting Simulator,546624686,861,855533,Adventure,Simulation,2022-01-16T07:03:31.203Z,2026-07-13T01:48:45.446Z,"📅 Updates every Saturday UTC! 
⚔️ Welcome to Weapon Fighting Simulator! Exploring the world and fighting with flying weapons! 

🎡 Roblox Premium players get 1 more Wheel spin count.

How to play: 
💧 -",Lightning Dragon Studio,865,555480,38157
3168615253,Ability Wars,533486570,1847,727991,Fighting,Action,2021-12-15T20:10:23.01Z,2026-07-09T20:16:07.102Z,"Welcome to Ability Wars! In this game, you can fight other players using powerful and interesting abilities.
You can unlock abilities through Punches, gained by fighting other players, or Badges, gain",Ability Wars,1847,441462,112336
5096440156,ayah yang sangat ketat [⭐SEASON 1] ,533470262,1537,636538,Horror,Adventure,2023-09-16T04:13:38.443Z,2026-07-09T14:06:49.358Z,"🚨 MEGA SHOP & UPDATE MUSIM SECARA LIVE! 🚨 
🔧 PEMBARUAN SETIAP HARI MINGGU! (PER MINGGU) 🔧 

Pulang setelah hari yang panjang bersenang-senang dengan ayah, sosok misterius menguasai ayah Anda. Tidur ad",BlueLoop Studios,1525,142817,29989
6061766680,[FIXES] fight in a school,529299605,5645,580326,All,Action,2024-06-01T19:46:18.193Z,2026-07-17T11:29:13.6495626Z,"""fight in a school"" is a ffa fighting game with the setting being a school. You can walk around and talk with friends or cause trouble and beef with other players and fight it out.

Like and favorite ",Fight In A Game,5643,302305,77827
9792947201,Slime RNG,526133984,3255,3504719,All,Simulation,2026-02-25T04:41:48.19Z,2026-07-10T21:32:27.177Z,"🎲Roll for Slimes! 🍀Get lucky! 🔓 Unlock new worlds!

✨ Roll for rare slimes
⬆️ Upgrade your slimes!
⚔️ Fight enemy slimes!
🌍 Unlock new worlds!
👥 Play with Friends for more luck!

👍 Like the game and j",Stouts Studio,3269,811511,19004
1531130248,🌻 Tower Heroes [UPD],522651806,844,852683,All,Strategy,2020-02-01T02:09:07.7Z,2026-07-15T12:43:21.613Z,"The M0v3r and Popcorn plushies are available now!

What's New?
- New Flower Weekly! (Includes new enemies, boss, and a reward!)
- 2 New Modifiers!
- Quiet Quarry [Map]
- Quarry Enemies
- Quarry Skins
",Pixel-bit Studio,858,359501,43216
4723764956,🎥My Movie,520405467,14343,832963,All,Entertainment,2023-05-30T17:09:26.883Z,2026-07-14T05:29:00.284Z,"🌟Create your own movies, and watch a never-ending stream of videos by people just like you! It's just like YouTube!

🎬You're the man now, dawg!

🎓Inspired by Dwarf Fortress, which is a game for nerds.",Good Ape,14162,478793,31913
3494556606,[Update] My Hello Kitty Cafe(Build),517820439,530,1970708,Town and City,Simulation,2022-04-12T05:37:02.573Z,2026-06-12T09:47:22.337Z,"Welcome to 《My Hello Kitty Cafe》!
You will run the world-famous Hello Kitty-themed café in your town.
Invite the famous Sanrio® characters  to help you run the café.
Make various delicious drinks and ",Rock Panda Games,536,876405,32333
2640407187,(UPDATE!) Car Driving Indonesia,514823116,2331,413167,Town and City,Simulation,2021-06-05T01:58:08.84Z,2026-07-11T15:21:18.521Z,"Car Driving Indonesia (CDID) is back to give you the experience of driving, meet new friends, and roleplaying together through the ever-evolving map of Indonesia.

V2.6 Changelogs:
- 40 New Cars!
- Ei",CDID Studio Official Group,2286,163413,25809
4147392742,Yeet A Friend! ✨,513467491,691,8762704,Adventure,Simulation,2022-11-30T22:46:45.237Z,2026-07-09T13:47:11.376Z,"The Ultimate Roblox Throwing Simulator 🚀💪 Start Weak →  Get Strong, Collect 100s of Upgradeable Pets, Unlock Thematic New Worlds, and Compete on Global Leaderboards for Massive Prizes in Yeet A Friend",Low Effort Studios.,683,810799,43086
9145063979,⛏️Dig to Escape,512709593,6713,505424,All,Survival,2025-11-10T19:24:54.03Z,2026-05-03T03:47:14.414Z,"😨 Oh no, you got arrested! Now you’re stuck in a prison with no way out... or is there?
 ⛏️Rumor says there's a secret tunnel under the prison. Dig down to find it and escape. 
👮‍♂️ But be careful, th",Breakout Funs,6679,1027863,23277
6945584306,[🌱QOL] Azure Latch,507014256,12824,582409,All,Sports & Racing,2024-12-20T13:35:18.56Z,2026-07-17T21:09:54.3652067Z,"This unofficial, fan-made game was created by devoted Blue Lock fans to celebrate the anime and share it with a wider community, spreading our passion and appreciation for the series!

M1 - shot
1,2,3",[B:S] Azure Latch Team,12831,1552234,50275
7883776681,[UPD] Racket Rivals ,505295003,3307,4248481,All,Sports & Racing,2025-06-10T10:38:09.4Z,2026-07-14T06:43:25.089Z,"🎾RACKET RIVALS is a fast paced 3v3 Racket Game, with abilities, champions, a shuttle and chaos! This game is a combination of badminton, tennis, squash and volleyball, all rolled into one! 

CONTROLS:",⨯ Small World Games,3246,1134314,57990
4165164803,Clip It 😂🎬👗,504324122,9914,506528,All,Entertainment,2022-12-07T18:55:28.077Z,2026-07-17T23:11:51.4835126Z,"🎬 Welcome to Clip It – Roblox's Largest Content Sharing Network!

📽️ Record and share your clips!

👗 Edit fashionable outfits with our extensive catalog. Access the full Roblox catalog and shine in ev",Neura,10027,165659,52384
4086773669,PET PARTY 🎉 RP,502145683,836,234601,All,Roleplay & Avatar Sim,2022-11-07T21:15:53.77Z,2026-07-17T21:38:21.7265059Z,"Welcome to Pet Party, hang with friends at the Beach Town or at your very own house, be yourself or become a cute kitty!! 

👍 Like the game for more PETS + MANSIONS ! 

🐱 BE A PET OR A HUMAN 🧑
🚙 BE A ",club XOX,812,83310,29545
5550530788,easiest game ever!,493581025,905,162969,All,Puzzle,2024-01-21T02:48:36.573Z,2025-12-19T22:45:39.937Z,"It may seem easy, but can you reach the end? 

🏆 Can you get every ending in the game? Think outside the box and explore the world to find out how many secrets are waiting to be found! Try everything!",robey100,913,62726,20214
16680835,Notoriety: A PAYDAY® Experience,488177587,3494,2487195,FPS,Shooter,2010-01-29T10:18:58.4Z,2026-07-17T17:12:59.5757136Z,"Notoriety: A PAYDAY® Experience is a fast-paced, first person co-op shooter that allows you to join the Notorious crew in planning and executing their next big heist.

HOW TO PLAY:
Upon joining, click",Moonstone Games,3522,574299,46057
1742264997,SCP: Roleplay,488098880,2459,1264719,RPG,Roleplay & Avatar Sim,2020-05-16T15:32:09.563Z,2026-07-15T00:24:23.411Z,"Welcome to SCP: Roleplay!

Join the Foundation to help protect a top-secret research facility!
Study strange creatures and anomalies called SCPs, keep them contained, and stop them from escaping.

Pla",SCP | Roleplay Community,2512,655979,71293
1836146838,Bloxy Bingo,486705327,5957,1335590,Town and City,Party & Casual,2020-06-27T18:38:18.617Z,2026-07-10T10:27:58.227Z,"Welcome to Bingo, a game where you can play Bingo with friends and others!

We have plenty of Bingo to play:
🇬🇧 British Bingo (90 Ball)
🇺🇸 American Bingo (75 Ball)
🇲🇽 Lotería (54 Picture Ball)
🕹️ Arca",Bloxy Bingo,5982,337813,64440
5385674359,BEAT BOUNCE 🎶 (GEOMETRY DASH),484879581,3490,331815,All,Obby & Platformer,2023-12-10T13:13:20.4Z,2026-07-17T16:29:17.0344926Z,"⚠️ Please provide feedback rather than disliking the game! ⚠️

🎶 Beat Bounce: The Ultimate Rhythm Adventure! 🚀🌟

🚀 Inspired by the classic rhythm game Geometry Dash, Beat Bounce takes you on a musical",Calf Productions,3360,254669,96862
7429689898,Troll is a pinning tower 2,480440671,1474,784989,All,Obby & Platformer,2025-03-24T11:47:07.73Z,2026-07-12T17:51:42.683Z,"Trolls is a pinning tower 2!
Can you break down the tower by avoiding the trolls?

(This game is created with the permission of the creators of Troll is a pinning tower)",크롱 스튜디오,1411,1417815,75370
79301772,🔨Plane Crazy🔨 [UPDATE],477615119,7622,1935391,Building,Simulation,2014-07-16T16:19:40.94Z,2026-07-16T10:11:35.422Z,"Build anything you can imagine, show it off to your friends, or battle with it!
✈️ Planes • 🚗 Cars • 🚤 Boats • 🚀 Rockets
🚂 Trains • 🤖 Mechs • ⚙️ Machines • 🏠 Houses

🌎 Physics sandbox • 👥 Multiplayer ",Plane Crazy Developers,7571,390976,96192
6682487255,[ 🪄🎩] Anime Card Clash,470117958,10792,223217,All,Simulation,2024-10-16T12:48:08.193Z,2026-07-17T22:13:28.6342903Z,"Anime Card Clash ⛩️

[UPDATE 8.0 MAGIC KNIGHTS]

Grind your way through the immersive Story maps, play Infinite Towers and Nightmare Modes, or PVP for the top ranking on leaderboards. Secret Boss Raid",RNG Lab,11068,422079,10513
4938220315,[MAINTENANCE 24H] Skibi Defense,457261384,9,748944,All,Strategy,2023-08-01T20:57:54.767Z,2026-07-17T22:38:09.2911915Z,"⭐ Make sure to Like and Favourite the game for more updates! And join the community server for more information! (Visible only to 13+) ⭐

EPILEPSY WARNING! This game contains flashing lights.

Join th",Archkos Studios,10,185604,14987
8795154789,[FPS] Flick,445347752,3506,356161,All,Shooter,2025-09-25T01:06:21.377Z,2026-05-29T13:49:00.277Z,"Fast paced, free-for-all arena where every person has a sniper.  Grab your rifle and hunt your enemies

🎯Snipe enemies
🔫Unlock new snipers
🔪Unlock new Knifes
🔥No teams, no mercy just pure skill



Thi",Groundwork,3517,330543,25158
7364297396,Webbed! ❄️ [2 Player Obby],429687563,2924,632537,All,Obby & Platformer,2025-03-11T22:03:38.767Z,2026-07-04T10:43:36.841Z,"⚠️THIS GAME IS MADE FOR 2 PLAYERS⚠️

The two spiders 🕷️ have become webbed together 🕸️,  and only through teamwork  can they overcome the tricky terrains ahead. In this 2-player obby, each spider can ",studio arsenic,2910,99281,15151
3761186887,Apeirophobia,426966534,2506,2285311,Horror,Adventure,2022-07-19T04:55:56.56Z,2026-07-17T05:51:18.7730405Z,"Centered around the exploration and documentation. Stuck inside endless rooms, being watched from every corner. Brace yourself for puzzles to solve, and entities to hide from. escape from reality...

",Polaroid Studios,2491,581213,50564
3734304510,South Bronx: The Trenches,421416132,5970,451188,All,Action,2022-07-10T15:56:39.917Z,2026-07-13T22:49:52.424Z,"Experience the streets of the Southside of the Bronx, NY. 
Become a citizen and join a group, get tons of money, sell, buy, trade, and more. 

Expect bugs due to the game still being in early devleopm",DR1LLIN,5966,270777,49649
6215464786,Chained [2 Player Obby],415117824,1900,10173480,All,Obby & Platformer,2024-07-04T17:46:30.063Z,2026-06-08T05:28:03.815Z,"⚠️THIS GAME IS MADE FOR 2 PLAYERS⚠️

Navigate a thrilling obstacle course with a friend. Chained together, you'll need to cooperate to reach the end. But it won't be easy—you're chained, so teamwork i",1-Day,1949,135079,26796
7444224664,Slap Tower 🖐️,407915956,139,626407,All,Obby & Platformer,2025-03-27T14:52:46.737Z,2026-07-11T05:03:32.876Z,"Welcome to Slap Tower!
Can we really break the tower by avoiding slap?

(This game was inspired by slap battle)
Slap Hand Image Credits : Slap Battles",크롱 스튜디오,124,1085230,54465
3541611379,🎆4th of July!🎆 Tower Defense X: BETA,401480630,1436,332542,Fighting,Strategy,2022-04-30T06:57:56.987Z,2026-07-12T19:31:17.89Z,"4th of July update! New MLRS tower, 3 skins, B52 bomber powerup, and emotes!

All out Tower Warfare! Deploy your towers from the air, land, and sea. Rival against powerful enemies and bosses before th",Tower Defense X,1425,330108,19592
3608594708,✨Collect The Body,397470075,1712,611680,Adventure,Adventure,2022-05-26T15:45:20.207Z,2026-06-25T09:28:13.608Z,"Welcome to Collect The Body!

⭐ Find all your body parts around a map!
🦴 Try out another player's body parts on yourself! 
✨ Once you collected your body, go to the big yellow beam at the center of ma",The Venomhawks,1697,972741,35905
9141743926,[NOW] Catch a Monster,397000841,15490,573890,All,Adventure,2025-11-10T07:20:57.997Z,2026-07-17T15:10:38.1381458Z,"Welcome to Catch a Monster!

How to Play:
⚔️ Defeat wild monsters in battle
🔮 Capture them and collect them!
⭐ Discover and collect higher-rank pets
🥚 Find rare eggs and hatch new companions

💰 Earn c",LDS II,15407,516956,11115
4795326392,[EVENT] Pull a Sword,395445534,1470,624153,Adventure,Simulation,2023-06-22T10:54:44.817Z,2026-07-16T19:29:48.0487759Z,"Welcome to Pull a Sword!  

NEW STAGES DAILY!

🏋️ Train To Gain Strength
🥊  Pull The Swords to gain a new Swords!
🏆 Collect Wins & Pets!


PREMIUM PLAYERS GET +10% Strength level & +10% SPEED


❤️ Lik",xFrozen Obbys,1396,1368504,38100
9091133975,[🏆] Catch And Tame!,395405717,7782,1174753,All,Simulation,2025-11-02T22:43:14.693Z,2026-07-17T17:19:18.4768927Z,"Grab your lasso and explore an island full of wild animals! Catch them, bring them back to your pen, and start building your ultimate collection! 🐾

💸 EARN MONEY EVEN WHILE YOU’RE OFFLINE! 💸

Feed you",Manta Games,7681,1160954,21058
1087859240,[☀️] Rogue Lineage,381188303,1192,338142,Fighting,RPG,2019-03-29T21:15:32.453Z,2026-06-01T16:42:37.404Z,">> This game is incredibly difficult with little to no hand holding. Enter at your own risk. << 

Nominee for ""Sleeper Hit"" in the 7th Annual Bloxy Awards. 

Rogue Lineage is a fantasy game with rogue",Rogue Lineage,1152,117991,23178
5666473198,Soccer: Touch Football,378543883,7936,116451,Sports,Sports & Racing,2024-02-20T10:27:21.577Z,2026-07-17T07:08:01.3723805Z,"Enjoy fun football/soccer matches with friends, featuring realistic ball physics and skill-based gameplay.

🔥 Shoot, pass, and score with precision
🏆 Compete in ranked matches & tournaments
⚡ Master t",Touch Games,8033,92819,16350
7823137182,[🎂] Hide the body,372284737,1142,523973,All,Strategy,2025-06-01T23:02:32.94Z,2026-07-17T13:12:15.8958315Z,"Hide the body is a game where you hide uninvited friends, explore new maps and buy different items. Invite friends to make the game more exciting😉

Inspired by the game: Body Hiding Simulator 1995

If",Doge Cloud,1101,126043,20655
7996365376,[🌴] SHARP,363393346,11279,406270,All,Shooter,2025-06-25T13:22:25.633Z,2026-07-10T09:29:25.871Z,"🗡️ SHARP is Roblox’s ultimate high-speed PvP battle experience! Take down opponents, collect coins, and unlock game-changing abilities and perks!

⚔️ Battle other players in intense PvP combat
💰 Defea",MAD STUDIO,10962,176303,23751
4019583467,NPC or DIE! 💢,361985883,2921,727754,Western,Survival,2022-10-15T03:25:46.403Z,2026-07-17T20:57:40.1149145Z,"👍 NEW CODE AT 700,000 LIKES!
💰 Use code 'NOWAY600K' for 650 cash!

👮 SHERIFF: Keep the peace in town and hunt down the Criminals. 
💣 CRIMINAL: Complete tasks and sabotage the town, while avoiding bein",arashiyama,3021,615517,46253
5239362765,DON'T GET ELIMINATED,361582327,3808,447409,Comedy,Party & Casual,2023-10-28T19:33:37.553Z,2026-07-04T18:18:30.639Z,"🎪 COMPETE IN WILD MINIGAMES
🗳️ VOTE OUT OTHERS… AND DON’T GET ELIMINATED!

A GIANT ICECREAM CONE LOOKIN' MAN FORCES YOU TO COMPETE AGAINST OTHER PLAYERS IN THE MOST TERRIFYING GAMESHOW OF ALL TIME. HO",Badass Experiences,3880,161219,63286
7395930870,[🌳] Sell Lemons 🍋,357653963,29263,387902,All,Simulation,2025-03-17T23:31:17.017Z,2026-07-17T12:11:25.3109357Z,"Sell Lemons 🍋. Make 💵💰🤑.

🍋 Sell Lemons
💵 Earn lots of cash
💪 Unlock unique powers
👽 Make lucrative deals
🌌 Enter the %^REDACTED*$!

❓ Did you know... You continue to earn 100% of your income offline!",BloxByte Games,29493,292409,15498
7882829745,[🏯] Anime Eternal,356772674,1977,976819,All,Simulation,2025-06-10T07:25:47.243Z,2026-07-17T18:09:20.0751259Z,"Welcome to Anime Eternal!

💖 Use Code: ""Update59""
💖 Use Code: ""Update59Delay""

💖 Use Code: ""SummerPart1""
💖 Use Code: ""Update58P2""

💖 Use Code: ""Update58""

🌍 Explore Iconic Anime Worlds!
⚡ Tap to Gain ",New ProjectR,1967,479849,9332
5866227438,Build with Friends,353182855,2711,10381621,All,Simulation,2024-04-13T02:06:53.06Z,2026-07-17T11:12:05.0609926Z,"Welcome to Build with Friends 🔨, the Best building game on Roblox!
Collaborate with the server to build amazing builds in the center of the map or build with your friends and build your dream base!

💾",Tsunami Disaster,2685,623669,17485
5421899973,Combat Arena,352085878,3557,13194488,FPS,Shooter,2023-12-20T20:14:46.51Z,2026-07-17T22:27:04.5656896Z,"Combat Arena is a fast-paced arcade style FPS where participants face off in a variety of arenas set in locations from around the world to earn coins and glory!

💥 Knock out other players with a wide ",Atomic Horizon,3508,352647,26748
114070244,Roblox Titanic,350934375,337,1212730,Adventure,Survival,2015-09-06T13:31:56.283Z,2026-07-13T19:28:49.517Z,"Aboard Roblox Titanic you can explore the ship's luxurious interior with fellow passengers! Reenact the infamous iceberg spotting. Roleplay as the ship sinks, rooms flood, lifeboats launch, funnels fa",Virtual Valley Games,354,273868,57167
1494262959,[🦅] Criminality,350296461,2688,811392,Fighting,Action,2020-01-10T22:20:30.993Z,2026-07-06T18:22:54.959Z,"Independence Day event!
Use code ""BAYONET"" at an ATM for rewards

Criminality is a free roam fighting game featuring punishing and unpredictable gameplay with advanced combat mechanics and extensive w",CRIMCORP,2746,365127,119164
5367389312,[🎵CUSTOM SERVERS] Sing It! Karaoke Battles [VC🎤],349616793,6256,1810055,All,Entertainment,2023-12-05T06:44:00.2Z,2026-07-03T21:51:39.165Z,"🎶 Over 1500+ Karaoke songs! 🎶

🏆 Compete against other players to get the highest Karaoke rating! 🏆

📣 Earn cheers to unlock particles, winner emotes and more! 📣

🥇 Rank on the Karaoke leaderboards! 🥇",Stupid Simple Games,6213,149328,12637
6015491985,Math Tower Race,347459227,2051,202747,All,Party & Casual,2024-05-22T00:09:54.93Z,2026-05-29T17:50:19.535Z,"Show off your math skills! The faster you answer, the more blocks you earn! 

✨ Create a free private server to play with friends and customize problems! 

❓📖 Practice recent questions in the Review t",Team Ry LLC,1960,83605,10763
2239430935,Blair,346104005,1292,1106802,Horror,Survival,2020-12-25T22:12:19.297Z,2026-07-15T02:13:06.606Z,"👻 Blair is a Phasmophobia inspired ghost hunting experience focused on gathering evidence, identifying several different types of ghosts, ranging from Demons to Spirits,  and exploring various haunted",Spooky Scary Games,1309,232004,19533
1651278324,[⚽] Free Items Game!,345647530,178,1061978,All,Shopping,2020-04-04T10:11:02.043Z,2026-06-17T11:40:47.29Z,"No robux? No Problem! Here everything is 100% FREE, 100% of the time!! 😁
This game will either directly give you the free items, or explain exactly how to get them! (let us know if we're missing any f",Buildosaurus,176,270391,28393
6010232141,Untitled Fling Game,345057543,6724,314878,All,Simulation,2024-05-20T11:51:53.913Z,2026-07-15T23:12:45.954Z,"🗣️ Welcome to Untitled Fling Game! 

The game is under active development, we will be glad to have your help! 👀

How to Play:
🤯 Jump in and FLING EVERYTHING 
🧱 Grab items 
📦 Spawn stuff 
💥 Fling yours",0xDev,6660,90461,27254
9294074907,[FPS] One Tap,344266087,20108,383011,All,Shooter,2025-12-04T00:44:19.27Z,2026-07-16T07:25:17.753Z,"Boom Headshot!

One Tap is a fast-paced FPS sniper FFA arena, no teams, just pure chaos! 

🎯 One-shot snipers
🔫 Two-Shot Secondaries (One to the head)
🔪 Melee Weapons
🏆 Streaks, trick shots, clean kil",Stringless Banjo,19672,142828,19739
7264587281,SNIPER DUELS,334795628,6314,1823784,All,Shooter,2025-02-19T03:55:10.407Z,2026-07-16T22:05:22.4651149Z,SNIPER DUELS is a fast-paced first person shooter (FPS) centered around aggressive sniping. Challenge players in 1v1 to 4v4 (and occasionally 12v12) duels where the first to 6 wins. (Now featuring: Fr,LOCKED IN NETWORK,6436,111493,33320
5829613337,[REWORKS] something evil will happen,334174680,6792,849487,All,Survival,2024-04-03T03:00:22.81Z,2026-07-17T18:59:00.8701608Z,"You just can't shake the feeling that something evil will happen.

something evil will happen is a disaster-survival game heavily inspired by classic games in the same genre. 

🌩️ DISASTERS - Each rou",larvae studios,6660,341439,26948
807930589,The Wild West,331575193,2950,1609698,Western,Action,2018-09-05T05:00:28.69Z,2026-07-16T21:56:00.0765107Z,"🤠 Welcome to The Wild West! Become a seasoned explorer, hit gold in the Mountains, or take for yourself and steal as an Outlaw. Stalk rare prey as a hunter, or live the law and hunt Outlaws for a rewa",Starboard Studios,2985,617837,88120
1316421563,Volleyball 4.2,329971753,470,462389,Sports,Sports & Racing,2019-09-08T23:48:25.407Z,2026-07-16T21:13:29.9972697Z,"Controls: https://devforum.roblox.com/t/829726/2
Changelogs: https://devforum.roblox.com/t/829696
Credits/Info: https://devforum.roblox.com/t/829726

Affiliates: 
Tennis: https://www.roblox.com/games/",unlimited bolg works,459,172558,17960
7094518649,[🎵] Restaurant Tycoon 3,323219390,14357,786337,All,Simulation,2025-01-16T11:24:38.103Z,2026-07-17T15:22:20.2074094Z,"[🎵] Classical Music Update Today! Use the Music menu to hire live music for your restaurant.

🧑‍🍳Welcome to Restaurant Tycoon 3

[HOW TO PLAY]
👨Click to serve customers!
🍔Cook dishes for the customers",Ultraw,14441,349749,17129
5039839070,Outcome Memories v0.2,320830025,7628,483333,All,Survival,2023-08-29T02:55:35.917Z,2026-07-17T22:51:41.0752895Z,"Outcome Memories is a EXE Fan game inspired by The Disaster, the gameplay has you playing as either a survivor or an executioner, where one side has to win by either escaping or eliminating those who ",[ Content Deleted 33304839 ],7621,290380,38833
3267012194,LOCOfficial!,318752972,1613,1067821,All,Strategy,2022-01-17T23:01:42.923Z,2026-06-10T14:15:56.663Z,"LOCOfficial! is a fun card game with a variety of cards, decks, house rules, and more! Match cards based on color or symbol and be the first one to clear your hand to win.


🌟PICK YOUR OWN RULES
Wheth",Rawblocky,1635,262172,39441
918677693,Rise of Nations,305307694,1555,641436,Military,Strategy,2018-11-14T22:28:00.827Z,2026-07-11T21:25:19.629Z,"Grand Strategy game focused on world domination

Hold left shift to ignore units
Right click and drag to move 
Mouse wheel or F/R to Zoom 
Drag via left click to select multiple units 

READ THE HELP ",Hyperant,1542,265338,38879
2408700413,Kaiju Paradise,302576210,784,662784,Fighting,Survival,2021-02-28T10:30:25.16Z,2026-07-11T19:39:34.562Z,"Fight for your life against or as the Raytrax within the bounds of LAMINAX's site (or don't..!)

A casual, team-orientated PvP game. Join our communications server for sneak peaks and updates! 

GAME ",LAMINAX CO.,769,253108,75917
7893515528,🎤 My Singing Brainrot,299249702,372,244937,All,Simulation,2025-06-11T20:22:08.143Z,2026-06-26T22:00:49.365Z,"🥚 Buy eggs
🐣 Hatch brainrot
🎶 Create epic brainrot music
💸 Generate money

👍 Like the game and join the group",LOL Beats Game,379,588473,20145
7344582593,[⏰FASHIONABLY LATE] Die of Death,297470590,19133,596662,All,Survival,2025-03-08T02:47:22.2Z,2026-07-17T17:49:16.1961686Z,"UPDATE LOG: Fashionably Late Update. This update includes tons of new major content and reworks. Nearly everything in the game has been changed up to some extent, check it out!

Die of Death is a nota",Die of Deathians,18353,349612,49202
7488190691,[🕷️4.0🃏] Universal Tower Defense Z,297332158,14005,206222,All,Strategy,2025-04-04T22:46:35.037Z,2026-07-15T01:17:56.288Z,"🌌 The Universe begins. 🌌
🌙 Welcome to Universal Tower Defense! 🌙 

👍 LIKE the game for FREE Rewards and Codes! (THUMBS UP/UPVOTE) 👍

⚔️ Summon units and fight off waves of enemies! ⚔️
🔥 Play together ",Universal Tower Defense [UTD],14047,396903,10975
8238863102,Tower of Zombies 🧟 ,287863187,4239,2251758,All,Obby & Platformer,2025-07-23T19:22:02.807Z,2026-06-19T16:03:11.973Z,"Battle endless waves of zombies as you climb the tower to face 5 powerful bosses!

⚔️ Every tower is randomly generated so no two runs are the same!
🔫 Buy and upgrade weapons, unlock camos, and custom",Undead Dev.,4285,188650,9319
8719555347,[💥Military UPD🎖️] Southern Mudding 🚜 OffRoading,287840445,22399,451402,All,Simulation,2025-09-15T04:28:37.477Z,2026-07-17T17:37:30.6698227Z,"Welcome to Southern Mudding! Explore a map purpose built for the off-road, using your selection of pickup trucks, semi trucks, trailers, classic cars, American muscle cars, and more! Whether you're he",Southern Mudding,22385,173384,12954
1525626450,Rensselaer County,284785933,9831,761194,Town and City,Simulation,2020-01-28T00:40:54.047Z,2026-07-13T22:53:10.479Z,"Join our Community Group: https://www.roblox.com/communities/5499489/Rensselaer-County-Official

If you're on PC, when in vehicle, press 'E' three times to set your gearing to Drive. 'E' and 'Q' are u",Rensselaer County Official,9737,342708,19871
7554119808,🛍️ My Avatar!,284317425,19684,3973218,All,Shopping,2025-04-17T15:46:01.82Z,2026-07-17T22:47:25.6140569Z,"👍  New FREE point shop item at 91% Likes. Please Like the game! 

My Avatar! lets you browse the entire Roblox catalog and build avatars for free, plus explore a wide range of community-made outfits.
",THINK DIFFERENT.,19169,101515,10718
4793836769, [💨BURNOUTS!]🚗Midnight Chasers: Highway Racing,283653232,5715,6017116,Town and City,Simulation,2023-06-21T21:07:05.223Z,2026-07-04T18:28:05.511Z,"✨Thank you for 880,000! Next code at 890000 Likes!
✨Current Code: ""ThanksFor880k"" 

Welcome to Midnight Chasers! This is a no hesi game where the goal is swerve in and out of traffic with fast superca",Midnight In-dev,5668,899972,23577
4170977322,IQ Test 🧠,281311290,4016,14174923,All,Puzzle,2022-12-10T03:33:02.603Z,2026-07-10T00:29:17.954Z,"💡Welcome to the IQ Test!💡

🤓Do you want to prove that you're a genius? Then this is the perfect place for you!

📝Find out what your IQ is!

👍Give a Thumbs Up👍 and ⭐Join the Group⭐ for free skips and i",Cranky Games,3889,337496,28186
1281592938,[🗺️YARIMADA] ENTRENCHED 🥀,279297357,4589,2202893,Military,Shooter,2019-08-18T01:55:23.283Z,2026-07-17T21:11:35.9104558Z,"🥀 ENTRENCHED is loosely based on early 20th century wars, where the Entente and Central teams face off in the trenches!

💥 Choose from 9 different classes and partake in many battles ranging from turn",Edot,4564,416613,35892
3164075108,[2x week] Dragon Soul | Anime MMO 🐲,273860509,3040,721971,Fighting,RPG,2021-12-13T21:30:54.58Z,2026-07-15T18:32:51.407Z,"New code: 'apementor' for 7 dragon balls
❗Earn all GAMEPASSES for free with daily login 

Jun 27 - OG UI and OG Beast are now in the OG Rift, something only true vets of the game can open
NEW: We upda",Dragon Soul (DS),3048,486048,27359
7488668004,🍰 Bake or Die 💀 ,272392838,11591,348787,All,Adventure,2025-04-05T00:53:21.713Z,2026-07-14T01:14:24.491Z,"How to Play:
🔪 Kill Zombies
🥧 Bake
🔍 Explore & Save People
❤️‍🩹 Will you Survive?


Like the game and join the group! 👍",Big Bakers,11655,113703,9380
1091907805,[🌴] Unboxing Simulator,272319812,722,1087538,All,Simulation,2019-04-01T12:44:19.247Z,2026-07-17T01:01:11.0449112Z,"🎁 Welcome to Unboxing Simulator 🎁
Smash boxes, uncover legendary loot, and flex your finds with friends!

[How To Play]
• Open boxes to get hats
• Equip your best hats and weapon to boost damage
• Unl",Unsquared,733,378466,37633
9837612476,[💥] Mini War,263638727,22752,1036406,All,Simulation,2026-03-05T12:37:02.853Z,2026-07-17T22:33:49.7603767Z,"🪖 MINI WAR - Build your COUNTRY, grow your POWER, and command your ARMY to DOMINATE!

UPDATE LOG (04.07.2026):
• New SPECIAL INVASION WEATHER!
• 5 New BUILDINGS! (through research!)
• ADVANCED army an",M&M Community,23135,656264,18517
5807622548,RV Cooked? [ALPHA],262635572,3850,339480,Adventure,Adventure,2024-03-28T19:00:10.47Z,2026-07-07T07:55:11.187Z,"This game is WIP you may have some bugs along the way. We’re actively working hard to make the game better every day!

Group Link : https://www.roblox.com/communities/35816992

Join our group to get e",Cebrail's Studio,3822,185447,12985
2644656496,Haze Seas [DRAGON HYBRID],262572052,22724,3746989,Adventure,RPG,2021-06-06T16:33:58.55Z,2026-07-17T06:25:29.7518263Z,"
⭐ Like + Favorite the game if you enjoyed!

XBOX + MOBILE SUPPORTED!

- Fruits spawn: 60 min. Despawn: 20 min. 
- Fruits spawn in VIP Servers (5 limit)
- D. Clan gives Conq Haki
- 35 Fruits: Okuchi, ",[HS] Haze Studios,22639,1519638,39700
4154513353,Booga Booga 🌴,259971014,1621,517617,Adventure,RPG,2022-12-03T15:59:05.433Z,2026-07-17T23:13:36.7777885Z,"Booga Booga is an open-world survival game with many secrets to uncover. Can you survive the vast environment?

🪓 Gather resources!
⛏ Explore caves!
🔨 Build bases!
⚔ Attack other tribes!

Please repor",Gang O' Fries Entertainment,1641,188553,43203
6275120808,[ALCHEMIST PART 1] Jump Showdown,257501021,1932,370474,All,Action,2024-07-16T16:59:55.537Z,2026-07-15T22:02:34.623Z,"""i'm getting jumped in jump showdown"" 

Clash with all your favorite (or not) characters in this battlegrounds game.

This experience works on all devices (CONSOLE, PC, MOBILE).
Please consider liking",Jimpee’s Cabin,1958,238310,68630
7685678300,Control Europe,256017634,3079,691484,All,Strategy,2025-05-11T13:39:26.053Z,2026-07-03T17:37:12.946Z,"🌍 Control Europe

Pick any modern European country and start your conquest!
⚔️ Capture cities, grow your army, and crush your enemies.
🏙️ Upgrade cities to boost your income and manpower.
🧪 Unlock tec",Hidden Studio.,3176,309585,19061
1709917610,Regretevator [ ELEVATOR SIMULATOR ],252014591,2102,1036975,Adventure,Party & Casual,2020-05-02T02:57:08.217Z,2026-07-17T01:00:08.1496952Z,"Room infinity, now going up! Regretevator is a random style elevator puzzle game where you can hang out, look for secrets, and have fun. 

hit 'G' for the emote and stickers menu

🎮 New Update WEEKLY!",The Axolotl Sun,2088,392152,43668
9051406594,[2v2] Dueling Grounds ⚔️ ,249699311,2444,5062792,All,Action,2025-10-28T12:34:05.71Z,2026-07-17T07:38:09.733894Z,"⚔️ Fast-paced PvP fighting game where you fight with various weapons to become the strongest. Claim your place at the top!

The game is Available on PC, Mobile and Console

PC CONTROLS (You can change",Dueling Grounds,2507,1544525,58563
3825332406,[☀️UPD] Elemental Dungeons,248234022,634,381160,Adventure,RPG,2022-08-07T21:06:47.297Z,2026-07-14T23:13:55.02Z,"🔥 Embark on an Ultimate Fighting Adventure! 🔥
Unleash devastating elemental powers, battle legendary bosses, and claim mythical loot beyond imagination!
Only the strongest dungeon raiders will rise — ",Malt Games,632,237606,16022
7629331599,[UPD] Prospecting! 💎,248190792,3751,433329,All,Simulation,2025-05-02T00:57:31.01Z,2026-07-16T02:51:02.165Z,"Grab your pan and head to the river in Prospecting! — a relaxing gold-panning adventure! Search for gold, gems, and hidden treasures as you explore rivers, caves, and old mining sites. Upgrade your ge",Prospecting!,3728,319430,11819
1743990973,[🏖️] Wall Hop Practice,247286477,1204,131085,All,Obby & Platformer,2020-05-17T08:24:42.393Z,2026-07-14T15:08:56.672Z,"Practice Wall Hopping!
🧗 Wall Hopping: Climbing walls by jumping and turning against them. This technique works in any Roblox game to reach otherwise inaccessible areas!

✅ Everything in this game has",minderkat,1247,59435,24658
5295169598,Ultimate Home Tycoon 🏠,245750829,1298,2148716,All,Simulation,2023-11-14T02:27:36.467Z,2026-07-17T23:13:48.7237538Z,"🏠 Build your Ultimate Dream Home! 🔨 Create, Share, & Sell the Home or Mansion of your Dreams by Customizing every detail with Furniture, Appliances, and Home Decor that reflects your Unique style!
👍 L",Ultimate Home Tycoon,1277,483512,12135
2652888345,Avatar Simulator,243531765,2421,108115,All,Shopping,2021-06-10T03:26:26.067Z,2026-07-17T20:12:02.5884834Z,"Let's morph into other player by clicking on the avatar or your friends.

You can try on clothes, emotes, Animation of Roblox Avatar Shop.

If you like it, you can buy it in this game.

We are trying ",Avatar Simulator Group,2398,18468,5220
6749060816,Asylum Life 🔊,240674531,7567,1640339,All,Roleplay & Avatar Sim,2024-11-02T07:31:07.557Z,2026-07-17T23:04:21.6657943Z,"🔪 You’ve been locked up in this facility masquerading as an Asylum for mysterious reasons! You can either choose to be an Orderly to protect the staff or a Patient to cause some mischief 😈
Beware thou",Asylum Life Community,7150,271134,53154
4983034985,Conquer The World WW2 [🗺️ New WW1 ],237210768,3954,755703,Military,Strategy,2023-08-13T15:37:24.597Z,2026-06-26T13:32:43.105Z,"Lead your nation to world domination in this strategy war game! 🏆

[⚡] Similar to Hearts of Iron (Hoi4), but faster and more fun ‼

[⚔️] Historical Warfare: Lead your country through WW1, WW2, and WW3",Marian_Dev,3939,102345,24047
4851783408,[🌎] Real Futbol,234113705,2832,228241,Sports,Sports & Racing,2023-07-09T06:47:30.81Z,2026-07-16T18:08:08.2091787Z,"⚽ Step into an unrivalled experience of football, whether you're beginning your career or continuing your legacy.

🐐 Enjoyed the most realistic football game on Roblox? 👍⭐ Like and favourite Real Futb",Real Sports Interactive,2847,129485,24842
6521100398,Dreamville 🏡 RP,234096634,21225,411983,All,Roleplay & Avatar Sim,2024-09-07T02:38:20.257Z,2026-06-17T18:32:21.712Z,"Hang out with friends, meet new people, create your own fun, and explore a city full of possibilities.

Own your dream home, drive cool vehicles, and dive into a world where you can play however you w",Dreamfusion Games,21520,200603,11096
1001911915,🌽 Farming and Friends,229345718,2678,674092,All,Simulation,2019-01-21T21:25:27.42Z,2026-07-17T01:33:30.0161397Z,"💰Group Members get 5% boost when selling crops 
Join Here: https://www.roblox.com/groups/4035125

👋 Welcome to Farming and Friends! Grab your tractor and call your friends! 

In Farming and Friends, y",Dunn Games,2673,266868,35353
7785400752,[🦂] ZOO or OOF🎯,228928169,2396,6258725,All,Party & Casual,2025-05-27T16:45:13.593Z,2026-07-17T13:39:43.8388546Z,"ZOO or OOF! 🦓 
The animals are on the loose… 
Play as a sneaky animal escaping the zoo, or as the zookeeper trying to catch them!

🌟 Remember to like the game and join our group for the latest updates",Dropping a Banger,2435,402355,21171
6161049307,Pixel Blade [😺Merchant],226737917,504,954446,Fighting,RPG,2024-06-23T08:22:35.457Z,2026-07-13T23:18:01.192Z,"Version: 1.20.0
[Current Rarest Weapon: Atlantis]

Use Code: ""725K"" & ""Merchant"" (cap K)
(New code at 750K likes!)

Right Click (or F) - block/parry
Left Click - attack
Q - dash
* Shift Lock is recomm",Frost Blade Games,506,749035,24284
7178032757,[🧭] Rebirth Champions: Ultimate,226706306,6329,145616,All,Simulation,2025-02-01T08:45:07.927Z,2026-07-17T18:07:29.4408146Z,"🎁 Use code ""release"" for Free Boost in-game! 

💖 Welcome to Rebirth Champions: Ultimate! 
⚡ Click to get Clicks!
♻️ Rebirth to get Clicks Multiplier! 
🐾 Hatch Eggs to unlock new Pets! 
🌌 Complete ques",Powerful Studio,6318,229399,5739
8080493298,A Grabpack Test [HUGGY WUGGY],222325055,3005,261343,All,Puzzle,2025-07-05T18:07:02.217Z,2026-07-11T16:30:38.562Z,"Literally just A Grabpack Test by PREW-X.

Developers:
- Elian3103 (Scripting, Building & Modeling)
- Enryprew_br (Scripting)
- Rixxles (Scripting, Building & Modeling)
- Maki (Building)
- JTMMachinim",PREW - X,3029,84073,13231
1784051919,[New Update] Beat up simulator,221831382,696,2078642,Comedy,Entertainment,2020-06-04T06:40:17.307Z,2026-07-04T06:15:01.789Z,"So, basically this is where you beat up n stuff

I also made an animation game!
https://www.roblox.com/games/8281431812/Gojo-Geto-Walk-Animation-Simulator

Btw get this model if you want to make a map",Imded Studios,656,349292,20127
10199301628,Merge a Nuke!,219923439,29410,1272965,All,Simulation,2026-05-21T13:45:07.797Z,2026-07-17T02:17:29.077638Z,"Merge nukes. Stack your arsenal. RAID everyone. 💥

🔧 Merge bombs into BIGGER nukes
💰 Your nukes earn CASH every second - even whilst you're OFFLINE!
🚀 Launch nukes at enemy bases and STEAL their cash
",Nuke The Game,28497,568222,28533
10039338037,[🌽] Build A Ring Farm,217954502,6864,2420032,All,Simulation,2026-04-15T12:24:44.616Z,2026-07-17T02:56:59.7787365Z,"Welcome to Build A Ring Farm!

- 🌱Grow and harvest plants
- 🤖Upgrade and Expand your farm
- 💰Sell your plants for cash

Remember, your farm earns offline!

Game is new so there might be some bugs.
Lik",Gamecreates,7006,780668,13537
5674379281,THA BRONX 3🔪,217650560,4795,200931,All,Action,2024-02-22T10:11:16.817Z,2026-07-14T00:55:37.233Z,"Tha Bronx 3🐍

have fun wit friends type game n action
IFYKYK

Tags: Tha bronx 3, TB3, Switches, Hood Game, Fun, Action, Shooting, Open World, Money, Grind, 2 Players, 5 Players, RolePlay, TB3, Buttons",Tha Bronx (RP),4758,145737,20346
9534705677,[BattlePass🔥] Sniper Arena,215099291,8463,1728757,All,Shooter,2026-01-10T05:55:56.67Z,2026-07-17T17:04:13.0957105Z,"Welcome to Sniper Arena — No mercy, only pure competitive gameplay.
Skins are cosmetic only with no stat bonuses. Use your sniper to eliminate your enemies!
Join Ranked matches and defeat other player",9D GAME CLUB,8360,198297,18895
8181391950,[UPD] Neo Tennis,214390953,2003,4290943,All,Sports & Racing,2025-07-17T08:08:06.74Z,2026-07-17T02:12:20.4155919Z,"🎾 Experience the thrill of tennis like never before! Can you become number one?

😎 Master unique styles and show off your skills on the court!

🌞 New content and updates coming soon — stay tuned!

👫 P",Century Athletes,2088,224033,24381
4785982047,FLASHPOINT⚡,210397789,1451,2939287,All,Action,2023-06-19T05:44:21.743Z,2026-07-16T06:07:22.886Z,"⚡ Welcome to Flashpoint!

👊 Defeat criminals to keep the city safe
💨 Zoom around the city
🏁 Race other players

💝 Join the group and like the game for FREE rewards!
💻 Available on Desktop, Mobile, Tab",Varis Studios,1461,1599641,25985
169302362,Project Lazarus: 💀 ZOMBIES 💀,210318631,1824,1841178,FPS,Shooter,2016-06-28T16:59:50.663Z,2026-06-29T02:26:26.981Z,Survive the endless waves of zombie hordes in this cooperative shooter. Earn points by killing zombies and repairing barricades. Get better weapons and open up new areas before the undead overrun you.,logitech101,1847,678981,29943
9978329815,Mukbang Game [Testing] 🍣🐟!,208468902,43371,602886,All,,2026-04-02T17:40:56.404Z,2026-07-17T23:23:41.4460493Z,"Have a yummers experience at Mukbang Corner!
Where you are able to record your mukbangs and ASMR in Roblox!

Features:
- Gluttony
- Camera controllers
- ASMR
- Chair adjustments
- Collab mukbang
- Cat",sorynn22,41890,184624,11673
8520148363,💥 Tank Game! [2.2],207188664,6519,2795074,All,Simulation,2025-08-23T10:55:18.7Z,2026-07-16T08:34:10.198Z,"🔨 Build your ultimate tank with diverse upgrade paths and stat boosts like damage, health, and speed to dominate the arena!

[HOW TO PLAY]
💥 Shoot at food for levels!
💫 Level up & upgrade your stats!
",7x3,6372,649035,68138
7633926880,[NEBULA] BloxStrike,207135605,5575,478424,All,Shooter,2025-05-02T20:39:54.717Z,2026-07-17T19:57:58.8092313Z,"BloxStrike is a fast-paced, competitive 5v5 shooter where strategy, aim, and teamwork decide the outcome. Battle across detailed maps in intense round-based combat. Eliminate opponents, plant or defus",BloxStrike,5664,537102,27053
8937254139,Dungeon Hunters [UPD],206730331,1703,1787581,All,RPG,2025-10-13T05:44:34.117Z,2026-07-11T08:57:19.024Z,"😈 Monsters have invaded the whole world! 
💥 Team up! Fight back! Defeat the monsters!

🎮 How to Play:
🚪 Random Rooms! What awaits behind the next door? Treasure or Terror?
💪 Fight & Survival! 76 Types",The Evac Syndicate,1687,468536,7684
3359505957,Collect All Pets!,206647937,3020,321690,All,Simulation,2022-02-20T17:07:04.26Z,2026-07-13T01:43:42.637Z,"Use this code: FirstCodeEver

Collect All Pets! is a pet simulator game! Hatch eggs, and fuse them into higher rarity pets! Collect Legendary and Mythical pets!

🐥 Hatch eggs to get new pets!
🐺 Fuse p",TwoZoos,3040,125310,9811
7307246329,100 Players Musical Chairs,199063647,457,2295217,All,Party & Casual,2025-02-28T14:34:03.827Z,2026-01-13T17:53:10.447Z,"Game shutdown = Update (those r important)
Exploiting leads to a permanent ban

🎶 100-Player Musical Chairs! 🪑🔥

Welcome to the biggest and most intense game of Musical Chairs on Roblox! Can you outpl",Cleanrot,470,256513,44010
6568417585,[UPDATE] M.E.G. Endless Reality,195440707,6354,979319,All,Survival,2024-09-18T01:05:05.543Z,2026-07-11T14:48:13.564Z,You work as M.E.G. employees who are charged with the duty to enter levels of The Backrooms and complete missions given to you. from guiding a lost traveler to closing No-clip zones. Seems easy right!,PUG_Games,6373,155804,11876
3573098848,💰 Bid Battles!,193261895,412,412348,All,Simulation,2022-05-11T16:47:00.13Z,2026-06-20T18:29:38.265Z,"Storage wars! Win garage auctions and find the rarest treasures in the game. Sell your treasures to customers in your store and grow your empire! Storage Hunter!

Decorate your shop tycoon with lots o",Absolute Zero!,423,163117,18023
7398552394,A desrt [SANDBOX],193170806,8413,323142,All,Adventure,2025-03-18T15:07:02.27Z,2026-07-17T04:35:29.719314Z,"You’ve found yourself in the middle of a dead desert. Just you, an old garage, and a disassembled car.

🔧 Fix the car, find fuel, and set off into an endlessly procedurally generated world.
🧟‍♂️ Explo",DarkCodes studio,8463,103426,12286
5827120940,Reborn As Swordsman,192904410,1103,3733200,All,Simulation,2024-04-02T10:08:27.59Z,2026-07-14T21:37:40.533Z,"⭐️ Welcome to Reborn As Swordsman ⭐️

⚔️ Train To Gain Strength 
😈 Battle With Enemies to Gain Swords 
❤️ Rebirth for more Health 
🏠 Climb Tower for Auras 
🏆 Collect Wins & Pets! 

😎 Premium Benefits:",Weapon Kingdom,1064,354133,11150
6174994284,Savannah Life,182963236,3725,319725,All,Roleplay & Avatar Sim,2024-06-26T07:16:00.983Z,2026-05-23T07:36:33.778Z,"Experience life as Africa’s most iconic animals in Savannah Life, the ultimate survival adventure. Become a lion 🦁 and lead your pride to glory. Feel the thunder of the savannah as a powerful elephant",NOYO Productions,3732,281550,17987
1198533421,[NEW CARS!] Midnight Racing: Tokyo,178270074,877,722927,Town and City,Sports & Racing,2019-06-20T21:29:15.317Z,2026-07-09T00:11:04.396Z,"CODE: ALPHA

Version: Alpha v.1.1.

• Over 180+ unique cars to buy! 
• Great car customization!
• Advanced tuning!
• 7 different maps! 
• Challenge different players! 
__
MRT is a racing sim-cade wher",devGem,896,251505,28558
4263576532,Cali Shootout 💥,175000873,2705,452404,Town and City,Action,2023-01-07T05:20:47.997Z,2026-07-09T16:36:44.671Z,"🔥 CALI SHOOTOUT – THE #1 STREET GAME ON ROBLOX!

Welcome to California, where loyalty is everything and the streets never sleep. Build your crew, run the city, and dominate rival factions or get stepp",Crimelife,2683,484814,34910
358276974,Apocalypse Rising 2,174705997,1960,953052,Adventure,Action,2017-06-11T16:28:34.007Z,2026-07-13T20:14:16.588Z,"Test your skills as you brave the unfolding zombie apocalypse! Survive alone or with friends in this open-world tactical shooter!

📢 AR2 now supports Xbox and PS5! 
PS4 is not currently supported, sor",Dualpoint Interactive,1957,252148,40286
9167377564,100 Days At Sea,171491754,48077,4499546,All,Survival,2025-11-14T18:03:21.5Z,2026-07-17T23:20:45.9179044Z,"Inspired by 99 Nights in The Forest created by Grandma's Favorite Games

🏴‍☠️ You are sent on a mission to the middle of the ocean.
🏴‍☠️ You must uncover the mystery of the Bermuda Triangle...
✅ Survi",Stranded Devs,47395,395994,10835
2251388500,Twisted [BETA],168874379,2985,512861,All,Simulation,2020-12-30T08:18:03.21Z,2026-07-13T19:29:10.337Z,"**This game will NOT run well on low end devices!**

Twisted is a storm chasing game by Willzuh and Siryzm.

Throughout the rolling hills and prairies of the fictional state of Keysota, scientists and",Twisted Official,2964,199245,21336
8058628992,Kpop Demon Hunters RP,168162107,690,565726,All,Roleplay & Avatar Sim,2025-07-03T08:03:15.25Z,2026-04-25T07:58:25.339Z,"**THIS IS A FANMADE GAME!

Roleplay as your favorite HUNTR/X girls or SAJA boys! Explore magical worlds, perform on stage, and recreate iconic scenes! 

",Kpop Demon Hunterss,663,72917,6228
6069634717,Sorcerer Tower Defense [HIGURUMA⚖️],166187209,3324,242159,All,Strategy,2024-06-03T13:06:13.67Z,2026-07-06T13:09:47.893Z,"First Jujutsu Kaisen Tower Defense game on Roblox!

⬆️ Update 30.0 
 
The Culling Game is here!

Fight various culling players and obtain them as units, open orbs and gain amazing loot!

New units:
- ",Peanut Butter Entertainment,3301,372971,10746
3634139746,Hood Customs,160697996,650,97538,Fighting,Action,2022-06-05T11:02:03.687Z,2026-07-15T17:20:46.329Z,"Welcome to Hood Customs!

Fight the best of the best!
Achieve a staggering colleciton of various of cosmetics, including Gun Skins, Knives, Name Tags, Bullet Tracers, Gun Charms

Expereince different ",Hood Customs Entertainment,638,50099,19701
6925369391,Capybara Evolution,159675049,380,697627,All,Simulation,2024-12-15T18:10:11.377Z,2026-07-16T11:30:04.1132679Z,"Welcome to Capybara Evolution!  

UPDATES EVERY SATURDAY!

⚔️ Eat to gain levels!
🧬 Gain levels to unlock new Capybaras!
🏆 Collect Wins & Pets!


PREMIUM PLAYERS GET +10% Wins & +10% EXP

Tags: Capyba",Capybara Evolution,345,850849,16454
7000924848,Free Items,154920332,448,154038,All,Shopping,2024-12-29T20:08:05.383Z,2026-06-01T14:43:19.015Z,"🎮 Welcome! Here you can get various items in your inventory by completing tasks from official Roblox events and other creators.

⚠️ Important: We do not create UGC items; we only use portals to real R",Cheburek Studio,429,37756,2735
2153167977,Formula Apex Racing,154620522,581,351606,Sports,Sports & Racing,2020-11-19T20:52:10.497Z,2026-07-06T14:52:44.762Z,Push the limits and set record breaking lap times whilst you outmanoeuvre your competition. Upgrade your cars with high tech cutting edge components to get the upper hand and leave your rivals in the ,Project:Apex,586,130127,18378
850110028,"[🚓 POLICE] Roanoke, VA Driving RP",154321125,6310,612261,Town and City,Simulation,2018-09-27T22:23:52.59Z,2026-07-15T15:41:01.218Z,"⭐ Welcome to Roanoke, the ultimate open-world driving & roleplay experience set in the beautiful Blue Ridge Mountains of Virginia!

🚗 Explore a massive open world with 500+ cars, trucks, emergency veh","Roanoke, VA",6395,323695,35060
6216468795,Weak Legacy 2 ,153947866,240,227005,All,RPG,2024-07-04T23:14:20.577Z,2026-05-31T01:16:06.29Z,"Choose between fighting for humanity or fighting alongside the Demons. 

Weak Legacy is a game inspired by the show of ""Demon slayer""

 🚨600K LIKES FOR NEXT CODE! 🚨

2X Drop Rates are AUTOMATICALLY ap",Weak Games Corp.,232,543097,14860
9266873836,[DIMENSION 3] Anime Fighting Simulator: Endless,153532292,916,134944,All,Action,2025-11-29T16:36:25.8Z,2026-07-10T18:05:18.292Z,"⭐ NEW CODE at 355K Likes ⭐ 

Welcome to AFS Endless. 

Premium: 1.25x Boost
Group Member: 1.5x Boost
Weekends: 2x Boost

Have suggestions, exploiter report, or bug report? Report in Server
Learn more ",AFS: Endless,913,350947,5800
6726637224,[🏖️] Street Life Remastered 🔥,153420619,4249,1624841,All,Action,2024-10-27T13:23:29.773Z,2026-07-17T22:16:04.058736Z,"Welcome to Street Life Remastered – the BEST Hood Game on Roblox!

Step into an open world where you control your destiny. Will you rise to power or get lost in the streets?

– Rob banks and houses 💰
",flipsy's games,4268,155823,23655
1180269832,Arcane Odyssey,153143116,739,874000,Adventure,RPG,2019-06-07T22:10:56.297Z,2026-07-12T14:50:19.098Z,"**This game has thousands of items and textures so 6 GB+ RAM is recommended**
**Keyboard + Mouse Required to Play**
** Dragon Update Patch Notes: https://devforum.roblox.com/t/ao/4615115 **

Embark on",Vetex,738,368480,30403
6413074235,A Long Road - BETA,153041362,1758,333868,All,Adventure,2024-08-13T16:31:49.317Z,2026-06-16T10:13:01.471Z,"This is a game about an endless ride, where you just drive along the road in an empty place.

> !IF YOU REACH THE BORDER, IT IS WRONG SIDE! <

The game in BETA stage. And in game have a bugs!
The game",Hoii :P,1746,96549,12327
6720585148,[UPD!] Ride A Cart Down A Slide,151954532,341,2571133,All,Simulation,2024-10-26T10:44:34.327Z,2026-06-28T12:55:24.674Z,"Welcome to Ride A Cart Down A Slide!

How to play:
- 🚗 Ride your cart to gain distance
- 💰 Use this distance to buy more carts 
- 💲 Reach the end for a distance multiplier!
- 💣 Use the gun to explode ",amazing fish games made by fish,371,1000033,27142
2065706268,Outfit Loader Testing Place,148345963,662,380668,Comedy,Shopping,2020-10-11T02:15:21.223Z,2026-07-09T15:44:23.78Z,"Try on outfits & get inspired to create your perfect avatar!

🛍️ Browse items of different outfits!
🛒 Any purchase made in-game will stay on your Avatar!

Free Private servers in Testing Place!

How t",coded clothing,670,66191,16680
5822068820,☀️ KOYA DANCE STUDIO,148107071,4187,394532,All,Roleplay & Avatar Sim,2024-03-31T22:55:30.92Z,2026-07-17T05:41:39.1197866Z,"Dance and roleplay being a KPOP STAR! 💃🕺, collect photocards, create groups, and participate in dance competitions!
Experience various genres worldwide: American, K-POP, and VOCALOID!

Founders of KOY",KOYA CREATIVE,4130,93584,7893
7600851482,Troll Bomb Tower 💣,148097227,158,163471,All,Obby & Platformer,2025-04-26T09:08:48.607Z,2026-06-15T09:45:41.283Z,"Troll Bomb Tower!
Can you climb the tower to avoid the troll bomb?",크롱 스튜디오,134,227788,16082
1719305066,ROBLOX Rally Racing,146687643,719,363256,All,Sports & Racing,2020-05-06T11:32:13.373Z,2026-07-17T11:59:14.7914035Z,"Welcome To Roblox Rally Racing, a game focused around the motorsport of rallying!

With over 50 cars and 28 tracks, you have lots of choice to race with to get the most out of your experience.

The ai",Roblox Rallying Group,672,130523,13169
4228233498,Crazy Cards 🤣,143075303,944,474750,Comedy,Strategy,2022-12-27T23:37:16.457Z,2026-07-14T22:34:13.293Z,"A card game for creating crazy sentences!

How to play:
👉 Each round, the judge picks a prompt.
👉 Players pick their funniest response card.
👉 The judge's favourite card gets 3 points!
❤️ Guess the be",jotslo,947,96535,20455
9362896961,[UPD🔥] Anime Card Collection,140789108,4950,213469,All,Simulation,2025-12-15T16:57:59.35Z,2026-07-16T20:23:50.3750294Z,"Welcome To Anime Card Collection!

🃏 Collect. Earn. Flex.
🎁 Open card packs
📖 Store them in your binder
💸 Generate money from your cards
✨ Buy better packs and build your collection

👍 Like the game a",Crew Simulators,4924,592727,8886
9910245722,Iron Soul: Dungeon,137638344,13667,226007,All,RPG,2026-03-20T11:01:02.856Z,2026-07-17T11:11:16.0779964Z,"Dragons and men fought side by side. Then the world broke—scattered into floating isles, swarmed by dark creatures born from an ancient seal.

Now you rise as an adventurer. Slay monsters to collect c",Iron Soul,13490,282360,4815
8214054500,🚀 Build a Car,134574202,1279,403586,All,Simulation,2025-07-20T20:50:25.893Z,2026-06-29T05:31:17.962Z,"Build a vehicle! How far can you go?

BUY blocks, fuel, wheels, engines! ✨
Earn cash and UPGRADE! 💸
Build anything you want! 🔨

Your car drives OFFLINE, and makes you money! 💤",SUPER SUPER FAST,1262,1061975,26888
2921237723,ELMIRA [Horror],134443997,2682,745409,Horror,Adventure,2021-09-18T15:31:45.4Z,2026-06-07T11:14:41.802Z,"You fall asleep on the bus during a school trip. You wake up in the dead of the night to find everyone missing, with only an old hospital in sight... 

Loosely based on the legend of black eyed childr",Drawing Board Studios,2793,142545,35330
7798947148,[TUSK] Anime Final Quest,133330617,2162,293606,All,RPG,2025-05-29T19:16:24.063Z,2026-07-11T21:54:48.082Z,"🛠️ [Full Release]
The game is still under heavy development, new content, balance changes and features are constantly being added. Encounter a bug? Have an idea? Join our community and help shape the ",Anime Final Quest,2160,767656,11158
6375110339,[Zombie V2] ST : Blockade Battlefront,133238153,3242,90715,All,Action,2024-08-05T17:07:01.483Z,2026-07-10T13:27:44.187Z,"[ /e vote ] to restart broken server
ST : Blockade Battlefront is a Roblox wave tower defense and survival shooter game, where players must strategically deploy units and powerful Titans to defend the",Loading Studi,3285,64528,5587
3655030699,💸Money Tycoon!,131709493,167,3465226,Fighting,Simulation,2022-06-13T10:59:22.153Z,2026-04-15T16:00:25.925Z,"🌀 YOU CAN NOW REBIRTH! Get a X2 cash multiplier when you rebirth! *+X1 Cash Multiplier for each rebirth after!

👍 THUMBS UP = NEW CONTENT! It lets me know you enjoy the game and want more updates

⭐ M",EQ Game Studios,169,534228,16163
5147512977,Lucky Avatars! [Outfits Catalog] ,131162226,511,6026554,All,Shopping,2023-10-01T16:59:09.417Z,2025-12-07T01:18:00.933Z,"👋 Feeling lucky?
    ❓ Open lucky blocks to collect randomly generated avatar outfits!
    🛍️ Customize and make them your own, swap out any item with personalized recommendations.
    ⭐ Build the ult",silky_dev,534,9670,2558
5049569843,Titan Tower Defense,129788638,603,518599,All,Strategy,2023-09-01T04:29:12.763Z,2026-07-13T06:26:40.211Z,"⚔️ TONS OF UNIQUE UNITS
💥 EPIC GAMEPLAY!
✨ RTX GRAPHICS!
⚡ 2x SPEED
💪2x WEEKEND!

🎮 How to Play:
🎲 Step onto a pad to start your match!
⚔️ Place your units to fight back against the toilets!
⭐ Win by ",[What A Game],594,142044,6924
204387960,Universal Roblox Theme Park,128709696,707,835355,Town and City,Simulation,2016-10-13T17:25:46.467Z,2026-07-15T05:24:57.738Z,"Welcome to the largest theme park on Roblox. There's tons to do at our park, such as:
- 🎢 Ride thrilling rollercoasters and unbelievable dark rides
- ☀️ Journey through incredible themed-lands
- 🔘 Hel",Universal Roblox Park & Resort,698,192241,23510
7983308985,Last Letter 💬,128030969,1494,223728,All,Puzzle,2025-06-23T17:55:08.67Z,2026-07-16T01:36:37.536Z,"Welcome to Last Letter! Play word games against people where every last letter counts, stay 2 steps ahead or you'll get eliminated💥

- NO P2W, every styles are viable and depends on how you use it 🧠
-",MmiiGames,1593,468680,18949
7091388561,Math Murder,127904950,471,107133,All,Education,2025-01-15T17:25:29.143Z,2026-04-27T14:53:08.48Z,"Get the correct answer, or die!

🤓 Be the smartest student!
👍 Like the game for updates!

Math Questions: 10,000",Spelling Studios,448,161184,13447
7884563721,[♻️TRADE HUB] Arcade Basketball 🏀 ,127450565,2140,777197,All,Sports & Racing,2025-06-10T12:50:54.18Z,2026-07-17T20:01:04.556052Z,"🏀 Welcome to Arcade Basketball! 🏀

Ready to become a hoops legend? 👑 Step onto the court and prove your skills in the most exciting sports game on Roblox! 🔥

⭐ FEATURES ⭐

INTENSE 1v1, 2v2, and 3v3 MA",Arcade Basketball,2210,223041,25859
3047037061,bLockerman's Minesweeper,126842014,1553,138721,All,Puzzle,2021-11-01T16:47:24.003Z,2026-07-15T07:08:16.023Z,"Game made by bLockerman666 and aamo_s.

You can customize the board in private servers! (Note that wins don't count in them)
If you don't want to beat the tutorial, you can either skip it temporarily ",bLockerman666,1546,75281,12140
616165168,🚌 Sunshine Islands Bus Simulator [NEW],126607205,2986,1060277,Town and City,Simulation,2018-04-04T22:00:05.83Z,2026-05-05T13:58:55.593Z,"Welcome to Sunshine Islands Bus Simulator (SIBS)! A realistic bus driving simulator on Roblox.

Sunshine Islands is a huge fictional city inspired by Hong Kong! Drive past tall skyscrapers and cool Br",addisonshiu,2977,73074,13254
6052033819,[UPD🍓] Cake Off!,126167425,782,5743369,Town and City,Party & Casual,2024-05-30T17:47:40.927Z,2026-06-26T19:23:28.139Z,"🎂 Welcome to Cake Off! 🧁

🍓 We introduce you to an amazing collaboration between Cake Off and Strawberry Shortcake!
🍰 Join Strawberry Shortcake and her Berry Besties for a limited-time sweet celebrati",| Flipping Frogs |,797,656487,15198
7848646653,Break your Bones ☠️,125935032,1639,326613,All,Simulation,2025-06-05T19:50:16.8Z,2026-06-18T14:32:05.603Z,"Try to BREAK all of your BONES!

- Fun Bone Smashing Simulator
- Unlock new Ragdolls
- Fling yourself from a Huge Drop
- Ragdoll in this fun Physics Simulation

[Premium Players receive +5% Cash]
",High Effort Projects,1623,898913,13553
5196146334,Pull Up Simulator,125158548,73,8641585,Adventure,Simulation,2023-10-15T17:28:50.95Z,2026-07-01T16:13:53.229Z,"🎁 LIKE THE GAME FOR NEW FREE OP PET! 👍

Welcome to Pull Up Simulator, The BEST lifting simulator on Roblox! ⏰ Updates every week! 

💪 Train to gain strength
🏋️ Equip the every dumbell in the gym
🎌 Pul",Mega Simulator Games!,75,629376,14978
7274244096,[SPEAKER PATCH] Toilet World Roleplay 2,124988229,2116,910305,All,Roleplay & Avatar Sim,2025-02-21T12:06:57.907Z,2026-07-17T20:20:18.4322566Z,"⭐ Welcome to Toilet World Roleplay 2! ⭐

This game is based on the ST Series, you can either become a cameraman, speakerman, a toilet or ANY side you want to play as.
Right now, the state of the game ",Toilet World Roleplay Community,2081,83275,7373
4543505495,Run Star Simulator [Tung World],124551854,77,180325,All,Simulation,2023-04-04T09:10:23.047Z,2025-05-21T01:37:34.757Z,"Welcome to Billy Run Simulator, the exciting world of athletics racing simulator! 

💪 Training to amassing strength 💪
🏃 Swift Sprinters🏃 
🐶 Collect Pets 🐶

New Code: billy

Join The Group For Codes & ",BestBunny,63,413103,9164
9317784977,[NEW SKINS] Knife Arena,122980708,1814,1016461,All,Action,2025-12-07T18:07:43.667Z,2026-07-17T17:18:16.6161759Z,"Welcome to Knife Arena — A fast-respawn first-person FFA knife arena. Use your blade to take down your rivals!

🔪Defeat opponents with your knife!
🔑Unlock more knives!
📦Open crates to unlock more skin",One Hit Studio(9D GAMES),1777,129968,17397
4199785916,SKYDIVE Off A TOWER! 🪂,122714319,50,2957567,Adventure,Simulation,2022-12-20T04:12:49.483Z,2025-12-12T21:04:44.273Z,"🪂 How FAR can you SKYDIVE?

💡 How to play:
        💵 Skydive off tower to collect cash!
        🏢 Buy floors and build the tallest tower!
        🚀 Upgrade jetpacks to increase speed!
        😄 Telepo",silky_dev,52,756692,14126
3951147015,Studio Lite,120548529,1537,164488,All,Simulation,2022-09-19T18:51:32.077Z,2026-07-01T05:15:07.091Z,"Build your own game.  Just like Roblox Studio, but simpler and mobile friendly.  Includes tutorials to help you build and script amazing games!
 
Complete one tutorial to pass the age 20 college class",ScottSpiritWalker,1520,83741,12541
8572854650,Be a YouTuber! 🔴🎥,120438857,1430,871840,All,Simulation,2025-08-28T20:43:10.65Z,2026-07-11T13:52:00.942Z,"Welcome to Be a YouTuber! 🔴🎥

start small → build big → get rich.

How to Play:
📷 Record videos!
📁Upload videos & earn CASH!
💸 Buy YouTubers who work for you!
🔨 Expand your plot!
🐦‍🔥 Create an Empire!",IM A YOUTUBER,1451,468590,10131
3913007563,The Battle Bricks,120268646,5143,282801,All,Strategy,2022-09-06T01:06:28.32Z,2026-07-01T06:01:05.677Z,"[UPDATE: CHAPTER 5]

The Battle Bricks is a single-player Tower-Defense Styled game where you send units to fight against enemies who are able to fight back. Protect your base and send your units to d",Tumore,4930,166895,30518
4221956550,The Butchery,120034180,3401,777987,Horror,Adventure,2022-12-26T08:25:18.3Z,2026-06-23T07:47:22.604Z,"One night after driving down the wrong road deep in the Cottonwood Mountains, you are taken inside an old farmhouse home to two strange brothers.



UPDATES:
30/05/2026 - Part 4 and 5 released

FOR TH",chubby_baby7,3409,161204,22858
5580972377,💥 BUCKSHOT,119936874,4204,510634,Horror,Strategy,2024-01-28T18:36:04.97Z,2026-06-25T13:02:45.123Z,"You’re broke at a crooked table. One shotgun. Mixed shells. Read the room, bluff hard, survive.

🧠 Mind games
Sometimes you shoot them; sometimes you take a suspected blank on yourself to control the ",crookit,4413,603587,21331
7590028310,[MULTIPLAYER HOTFIX] Sprunki Plus 🎶,119929489,1999,563206,All,Entertainment,2025-04-24T04:00:19.777Z,2026-07-05T10:54:59.771Z,"Like 👍 and favorite ⭐ the game for more updates!

Sprunki Plus is a fangame of the Incredimod known as Sprunki, porting several fan-favorite modifications of Sprunki to Roblox to be playable on PC, mo",Dark Cube Studio,1986,47038,5800
4924516231,Punch Simulator 👊[FREE UGC],118892156,160,102566,All,Simulation,2023-07-29T11:45:15.32Z,2026-07-17T21:12:22.4191513Z,"👊Welcome to punch simulator!

🏋️TRAIN and get stronger
✨PUNCH others to win
🐶HATCH pets and find HUGEs and secrets
👊CRAFT and upgrade equipment to hit harder
⭐COLLECT and discover 40+ gloves!
🌎 EXPLOR",Habit Games!,156,148905,15183
9073513091,[UPD!] Anime Apocalypse,118786138,1588,155343,All,RPG,2025-10-31T20:44:31.437Z,2026-07-16T20:00:44.8469057Z,"⚠️ [BETA RELEASE] — Expect frequent updates, new content & balance tweaks. Found a bug or got feedback? Join our community and help shape the game!

Welcome to Anime Apocalypse!
Anime Apocalypse is a ",Anime Apocalypse Dev,1601,142312,6904
3608732146,💪Size Legends Simulator,118616159,286,737349,All,Simulation,2022-05-26T17:00:36.86Z,2026-01-15T16:36:09.11Z,"💪 Welcome to Size Legends Simulator! 💪

🎯If you can't sell, then sell is turned off!

📌TIP: Rank up as soon as you can, this is the fastest way you can grind up!

⚠️ If lifting stops working, join a p",Rho Games,290,1192386,22833
9912025777,Secure the Airport,115238665,25576,323384,All,Simulation,2026-03-20T18:36:38.966Z,2026-07-11T03:50:25.314Z,"Scan passengers. Stop threats. Defend the airport. 🚨 

🔍 Scan passengers with advanced security equipment
🧳 Search luggage for prohibited items
📋 Verify passports and boarding passes
💰 Earn cash and u",Bro Brought WHAT??,25293,140343,8837
10278774552,[NEW!🔥] Paint Or Seek,114838641,25407,263376,All,Survival,2026-06-06T05:10:33.074Z,2026-07-17T17:38:47.4135165Z,"🎨🔍 Paint Or Seek 🔍🎨

Can you hide in plain sight? 👀

🖌️ Paint yourself to match the environment and become almost invisible!
🌈 Blend into walls, floors, and objects to avoid being found.
🏃 Survive as ",10 CCU,24879,48019,15476
8786713187,Oil Empire🛢️ [BACKROOMS],113421631,1598,276985,All,Simulation,2025-09-23T19:02:58.073Z,2026-07-16T14:54:31.532698Z,"Welcome to Refinery Empire

🛢️Place Drill to extract Oil
⛽Place Refinery to produce Oil to gasoline
🤑Wait for the best price to sell gasoline
🔪Sabotage other players!
📈Climb the leaderboards and becom",My Pump Game,1564,629060,11832
7738524573,[TRAITS+SECRETS] Retro Tower Defense,113051067,746,113129,All,Strategy,2025-05-20T16:48:11.753Z,2026-07-14T20:45:56.336Z,"⚔️ RETRO TOWER DEFENSE! Stop the Noob invasion! Summon iconic heroes and relive the golden era of Roblox in the ultimate strategy experience. 🛡️

 📈 You can now trade towers with other players! 

Grab",Plaything Games,707,78121,6510
4720386144,Ophelia [HORROR],111277465,2716,565286,Horror,Adventure,2023-05-29T11:21:33.927Z,2026-07-07T07:52:06.006Z,"A once-peaceful village has now been engulfed in mystery. Villagers are disappearing without a trace. As an investigator, uncover the truth..

✔️ Co-op up to 8 players in an immersive experience
✔️ Ex",BIackViiper,2700,113608,10902
3264581003,Eternal Towers of Hell,110935003,1496,179699,Adventure,Obby & Platformer,2022-01-17T00:20:38.113Z,2026-07-16T13:21:55.43645Z,"Conquer hundreds of towers across vast worlds ranging from effortlessly easy to catastrophically difficult.

💎 Roblox Premium members will receive a free trail in-game!",ETERNITγ,1471,94928,24197
7069852763,Car Crash Simulator V3,108410399,985,175014,All,Simulation,2025-01-11T08:46:20.377Z,2026-07-15T05:37:03.864Z,"Third successor to the Car Crash Simulator games, made from the ground up.

Latest update:

added back previous map 1 with optimizations, changes and expansions
added more flying objects for private s",sxriing's garage,1003,61574,11572
953622098,Word Bomb,107013007,197,541807,All,Puzzle,2018-12-16T03:18:57.89Z,2026-07-08T03:04:13.413Z,"💣 Inspired by BombParty on JKLM!
👋 A major update to Word Bomb is coming soon. Enable notifications and follow the group for more details.

📚 COMMANDS
To see a list of all commands, visit this link:
h",OMG,204,207119,33626
8659262047,Dangerous ATV Driving,106208212,1362,1030602,All,Obby & Platformer,2025-09-07T14:10:34.067Z,2026-07-11T03:43:30.861Z,"🔥 Welcome to Dangerous ATV Driving! 🔥

🚗Drive through dangerous Western Cliffs, to shark-infested Sandy Beaches, giant Snowy Mountains, and much MORE!
✅Arrive at checkpoints, complete worlds, earn 💸 a",Quick Pix,1390,435496,8927
4996628751,Eat Same Color Food Challenge,105763905,324,7385969,Adventure,Party & Casual,2023-08-17T12:05:41.007Z,2026-05-19T03:15:19.935Z,"The summer event is coming! summer shopping cart now!

Use code ""farm"" ""rainbow"" ""billy"" ""season"" for free reward! 

Welcome to Eat Same Color Food Challenge! 

How to play
1:Choose teams of different",SAND4,310,19960,4015
2283649692,CHESS!,105350866,544,253852,All,Strategy,2021-01-10T17:40:38.783Z,2026-07-12T19:54:23.84Z,"Play chess ♟️⬜⬛ for free on Roblox!

⚔️ Compete in ranked mode
😎 Play gamemodes with your friends
✨ Express yourself with skins
🥇🔥 Rank up from Bronze to Grand Master
🌸 Level up, win games & earn coin",Cookie development,535,76751,28750
9564659718,[🌴] Find Who Slapped,104210879,2672,145897,All,Party & Casual,2026-01-15T14:13:01.843Z,2026-07-17T22:06:44.2346265Z,"Someone slapped you! But who?!
Find the slapper, accuse players, and survive the chaos!
Can you guess before the time runs out?",HB SLAP,2662,157483,16616
6002149925,[UPD 35] ⚔️Dungeon RNG,102481769,140,1302567,All,Simulation,2024-05-18T16:35:31.283Z,2026-06-11T17:19:46.808Z,"Tired of losing your time grinding for nothing? Play Dungeon RNG and get rewarded for your time and efforts with powerful swords!

🐰Use Code: Easter2026

What is Dungeon RNG? 
-🎲 Click the ""Roll"" butt",Clicker House,137,467262,11611
5800312217,[UPD] Jule's RNG,101865098,669,960873,All,Simulation,2024-03-26T20:05:25.637Z,2026-07-16T16:46:37.6829633Z,"How to play Jule's RNG:
🎲 Click the ""Roll"" button to get auras, collect up to 300 different auras!
🌟 Craft potions & amulets to increase luck in the cave
❓Obtain new auras and true form auras 
🎮 Play ",Jule Games,653,967048,13968
10139325104,Wall Hop Slap Meter ,100802732,2852,53267,All,Obby & Platformer,2026-05-08T20:44:26.66Z,2026-07-16T22:17:56.5050556Z,"Slap your opponent across the meter and watch where they land! The number on the meter is the wallhop stage they have to beat — make it to the end before your hearts run out.

✅ HOW TO WALL HOP
1. Wal",The WallHop Game,2947,21383,7851
10051853469,[Almighty🫡] Be Flash For Brainrots!,100131378,3485,2212884,All,Simulation,2026-04-18T13:58:41.127Z,2026-07-17T13:39:47.4834473Z,"Welcome to Be Flash For Brainrots!

CONTROLS: 
Dash - Left Shift / RT / R2
QTE - Mouse Click / X,Y,B,A / 🔲,🔺,⭕,❌


❤️ Support the game by liking, favoriting and joining the group for bonus rewards!
",Can't Hold It Anymore!,3474,287152,5420
9155036056,Craft Food,99929635,1731,245531,All,Simulation,2025-11-12T14:44:44.543Z,2026-07-17T15:01:23.2137049Z,"Welcome to Craft Food!

How to play:
🥕Buy ingredients
💭 Combine ingredients to unlock new recipes
🧇Place food
💰Profit

🍔 Over 700+ recipes to unlock
🔁 Trade cheap food for better ingredients

👍Like th",Craft Food,1782,395015,5308
833209132,[🕸️SPIDERS🕸️] Vesteria,97586737,851,870143,RPG,RPG,2018-09-18T21:37:44.973Z,2026-07-17T16:57:06.7782005Z,"You are an adventurer traveling by carriage when your journey is cut short by a monster attack. You awaken in a strange mushroom town, far from where you intended to go. As you help the people of Mush",The Vesteria Team,844,253713,27285
2527789729,Prior Extinction - Dinosaur Survival!,96598485,2554,322641,Adventure,Roleplay & Avatar Sim,2021-04-18T17:31:53.1Z,2026-07-17T19:23:45.5383898Z,"Prior Extinction is a dinosaur survival game. You will be taking charge of your very own realistic dinosaur surviving & fighting other dinosaurs for domination of a prehistoric land, housing animals o",Jacys Studios ROBLOX,2551,87563,24078
6048923315,[🔥GETO!] KAIZEN,95943374,2214,199064,All,RPG,2024-05-29T22:53:46.727Z,2026-07-16T15:58:31.2207017Z,"Welcome to the world of KAIZEN! Navigate & discover hidden secrets, help those in need, and hone your Cursed Technique as you carve your own path to become the best Jujutsu Sorcerer of all time.

CODE",Lajebo Games x Kaizen,2230,182592,12982
6760085372,[🐺TEN SHADOWS] Jujutsu: Zero,94043496,6351,167228,All,RPG,2024-11-04T17:58:40.07Z,2026-07-14T20:14:07.407Z,"⚔️ [Welcome to Jujutsu: Zero]
Roam the vast world of jujutsu, discover valuable cursed objects and hone your cursed techniques to the top. Defeat cursed spirits, sorcerers and alike as you progress.

",Studio Resonance,6328,192022,9090
6935083490,Be Fish,93865957,1193,288189,All,Simulation,2024-12-18T02:28:54.05Z,2026-06-26T14:56:00.837Z,"You are a fish.
Don’t get eaten.

🐟 Start as a tiny fish
🦐 Eat food to grow bigger
🐠 Unlock new fish and grow your collection
💀 Try not be eaten by other players!
🐡 Collect all the fish and become the",Goofy Vegetables,1192,613531,19398
7497802350,Guess the Meme or Die 🔊,93429550,1450,131043,All,Party & Casual,2025-04-06T11:17:02.677Z,2026-07-12T13:45:27.333Z,"😂 GUESS the MEME or DIE💀
👍Like the Game for more updates!👍
🤑Join Our Group🤑
https://www.roblox.com/communities/35289150

BEST meme guessing game EVER

Bye Bye 🤫🧏",Guess or Die Games,1469,124449,11152
1393178180,Polish Car Driving,91911541,504,182091,Town and City,Simulation,2019-11-04T18:56:09.773Z,2026-07-17T23:11:08.6996836Z,"📝 Enter the drive seat of over 80 different vehicles, varying from cars and vans to buses, semi or garbage trucks & explore over 65km of accurately recreated roads from West Pomerania in northern Pola",Polish Car Driving | Official Group,577,86891,14577
7934320560,Five Nights TD 2 [CHIPS],90356777,3972,125790,All,Strategy,2025-06-17T09:24:50.61Z,2026-07-17T22:02:51.3754697Z,"🎉 Welcome to Five Nights Tower Defense 2, a Five Nights at Freddy's inspired tower defense game!

⚔️ Survive the waves and collect animatronics!

⏰ Stay tuned for weekly updates!",Hyper TD,3941,154217,7445
4743794878,The Classic Soccer,89724028,5650,30003,Sports,Sports & Racing,2023-06-05T21:23:11.177Z,2026-07-03T20:42:12.119Z,A simple and fast-paced football/soccer game with limitless fun. There are no out of bounds or offsides! ⚽,guigoals,5639,22206,4118
6409513651,[⭐ UPDATE 4.0 + BOOST 🍀] Anime Warriors III,88661618,8456,826837,Adventure,RPG,2024-08-12T20:08:26.92Z,2026-07-12T20:44:38.337Z,"⭐ FREE REWARDS at 100K Likes ⭐ 

The dimensions have collapsed! Can you summon the strongest heroes and save these worlds together?

🔥 Collect warriors to fight alongside you!
💥 Fight bosses to obtain",Arc I: Warriors,8480,104812,3971
5665954430,♠ Twenty One,88241300,912,913267,Horror,Strategy,2024-02-20T05:18:10.627Z,2026-07-14T07:44:56.339Z,"Twenty One is a 1v1 survival card game.

Your main goal is to reach 21 and defeat your opponent.
The loser approaches their demise.

You're tied to a chair. 
[ARENA] is watching.
Your existence is at ",Worst. experience,926,211159,15250
9125259344,My Jail Cell!,87187772,14281,175464,All,Survival,2025-11-08T06:34:27.107Z,2026-07-14T07:36:50.504Z,"☀️ Daytime:
You’re safe… for now.
🔨 Drag furniture back to your base
🚪 Unlock new rooms
🍕 Scavenge for food
⚔️ Gear up with weapons
🎨 Paint and customize your walls

🌙 Nightfall:
The Monsters are outs",ATTANIAN INDUSTRIES,14369,37110,12400
7656946028, Climb and Slide!,87025177,87,4948585,All,Simulation,2025-05-07T04:21:12.42Z,2025-12-27T04:40:21.793Z,"🎉 Welcome to Climb & Slide!

Get ready for an exciting challenge where you’ll climb towering structures and slide down at high speeds, all while avoiding tricky obstacles and collecting rewards along ",Huge Clock,76,390166,6115
3232838484,🍋 [LEMONADE] RH Dance Studio,86799830,1043,131828,All,Roleplay & Avatar Sim,2022-01-05T04:44:26.62Z,2026-07-16T22:05:15.3977237Z,"☀️ Enjoy Auto dance formations in our Hosting interface inside private servers!

🌍 Dance to your favorite songs, Be your own IDOL! 
🐬 KPOP, JPOP, POP & MORE! 

🌊 Welcome to RH Dance Studio!

🎤 Sync yo",RH Studios,1021,44685,3685
7629884826,Cage Fishing 🐟,85985893,767,544184,All,Simulation,2025-05-02T03:42:04.027Z,2026-07-17T13:54:02.7488785Z,"Cage Fishing 🐟

UPDATES EVERY SUNDAY!

Build your ultimate fishing empire with with cages! Drop cages into the ocean, lure in wild fish and reel in monsters of the deep! Upgrade your plot for luckier ",Pearl Point,777,558889,10149
6664476231,Anime Fruit!,84940507,185,2523009,All,RPG,2024-10-12T00:30:41.24Z,2026-02-02T05:54:00.371Z,"🌈 Welcome to Anime Fruit! 🌟 
We’re dedicated to bringing you the smoothest and most exciting combat experience! ✨

📘 Current Level Cap: 2200
🍊 Fruit Types in the Game:
Common: Bomb, Smoke, Barrier
Rar",Anime Fruits [Alan International Studios],181,444987,10492
7076793942,[MONSTER UPDATE] Project Egoist,84178806,515,211640,All,Sports & Racing,2025-01-12T11:46:31.78Z,2026-07-09T20:24:11.346Z,"Welcome to Project Egoist!

🖥️ PC Control :
Q - Dribble
E - Steal / SideDash
R - Super Dash
T - Request Ball
F - Flow State Awaken
M1 - Shoot Ball
M2 - Pass Ball
Z, X, C, V - Skills
Ctrl - Run

🎮 Cons",Cool group for big cool people,503,518808,16036
4161745937,[🚁 HELICOPTER] Mini Empires,84170532,740,280230,All,Strategy,2022-12-06T05:12:42.957Z,2026-06-30T14:21:54.034Z,"Build your empire, command powerful armies, and dominate the battlefield across multiple game modes! Fight solo or with a team, but remember, only the last team standing wins. Will you rise to lead yo",VIREAL,736,87130,19872
8524572339,bridger: WESTERN (NEW UPDATE),82810706,5007,128504,All,Action,2025-08-23T17:46:40.803Z,2026-07-16T13:44:13.7889314Z,"Mankind in their expansion west have settled within Ridge. B Valley, a grueling and untouched wilderness rumored to hold an ancient curse. Beasts hunt and forces beyond mortal reach skulk these ground",BRIDGER INC.,5066,74995,20041
5174979552,🚀 The Space Simulator,82656594,1501,5318557,All,Simulation,2023-10-10T19:42:24.67Z,2026-07-14T22:52:57.093Z,"- Collect every Orb to unlock VIP status! 👑
- The Season changes every Saturday morning, bringing new Centaur asteroids with Rare, Epic, Legendary and Mythic items! 🎁

Explore the Solar System 🚀 toget",mooonc0w,1459,334342,11745
1718755273,town,82641027,1005,311238,FPS,Shooter,2020-05-06T03:04:39.003Z,2026-07-13T04:30:15.414Z,"Fps base building sandbox set in Nowhere Ville, USA.

For building tools, join:
https://www.roblox.com/groups/5502618/Hapless-Studios#!/about",DecodeUnicode,998,133034,43938
10267363348,🪣 Drain the Lake,82587942,44249,289913,All,Simulation,2026-06-03T21:01:44.521Z,2026-07-16T16:40:07.6129524Z,"😱 OH NO! Your phone fell into the lake!
Drain the lake to get it back! 😈

🪣 Fill your bucket
⚙️ Drain it for tokens
🌳 Upgrade your Skill Tree
🌊 Go deeper
📱 Find your phone!
",IWTM10GTMPLS,43517,265384,10388
9826885587,Evomon[Season1],82580663,36492,217438,All,Adventure,2026-03-03T02:13:13.86Z,2026-07-17T12:26:32.9837617Z,"✨Catch. Battle. Explore. The adventure never ends.
Step into a world of wild Evomons and hidden treasures.

💫 Chase Shiny & Sparkle Evomons up to 200+
🐾 Catch 'em, train 'em, and take on the world
⚔️ ",Evomon Devs,34981,224886,5615
5905501282,Wordie🧩,82074123,347,1755847,All,Puzzle,2024-04-23T09:25:06.453Z,2026-04-05T19:39:11.055Z,"🧩🎉Welcome to WORDIE where you have to guess a 5 letter word in 6 attempts.

Guess the hidden word in six tries, guided by color-coded clues: green for correct letters in the right spot, yellow for cor",Puzzle Empire.,391,104906,25174
9119782663,Stop the Timer,81794770,1499,2314948,All,Party & Casual,2025-11-07T13:44:49.367Z,2026-06-30T17:42:05.732Z,"Welcome to Stop the Timer

⚡ Face off in a tense 1v1 and see who reacts sharper!
🎯 Stop the timer as close to the goal time as possible, precision is everything!
💥 One tiny delay or early tap can flip",Ascora Studios,1441,54652,8769
7703544118,Container RNG📦,81639598,565,1449602,All,Simulation,2025-05-14T20:23:42.15Z,2026-06-27T18:19:20.462Z,"A chill game where you buy mystery containers!

How to Play:
📦 Buy up mystery containers!
💥 Unbox rare items with crazy modifiers
💰 Sell for profit and unlock better containers
🚀 Buy upgrades to boost",Exply Studios,566,1050662,17061
9526307912,[🐒] Escape The ZOO!,81310042,4300,139128,All,Adventure,2026-01-08T18:42:24.227Z,2026-07-07T23:29:48.829Z,"UPDATE!

Check out the new Harvest Festival Event and get all 3 rewards before the event finishes! 

🦁 You’re trapped in the Zoo!
⛏️ Dig down to find a secret tunnel
🕳️ Escape underground
🧑‍🌾 Avoid th",My Gorilla Friend,4297,111641,4884
10265803948,Build A Soccer Squad! [CONSOLE],80776832,48617,75947,All,Sports & Racing,2026-06-03T14:00:22.985Z,2026-07-15T20:54:45.773Z,"UPDATE: 
-Added Console Support
-Added Auto Reveal feature 
-Added 3 additional LIMITBREAKER cards
-Added 8 Hour quests for Refresh/Rerolls

Code: CONSOLE

OVER 1000 PLAYERS TO COLLECT! From 1970 to t",Bloxheed,49137,41037,7025
8191429227,Cut Trees,79626560,81,183534,All,Simulation,2025-07-18T12:31:11.5Z,2026-07-01T22:50:08.863Z,"🪓 Welcome to Cut Trees!

🪵 Cut wood to increase your power!
🎁 Open chests for new and powerful tools!
⚔️ Fight with your friends!

How to Play: Cut trees, collect chests, finish your run, open chests,",BEEP GAMES,74,583702,12203
10140010190,Would You Rather: Teamwork Outfit Tower!,79135806,5958,92662,All,Obby & Platformer,2026-05-08T23:52:48.975Z,2026-07-04T22:31:40.588Z,"👋 Welcome to Would You Rather: Teamwork Outfit Tower!

Choose your team and help each other to the top!
Build your outfit on the way, by choosing a door! 👕
Each choice changes your outfit!  Will you g",Cold Obbys,5991,14317,4169
3918560032,MEDIEVAL REAL TIME STRATEGY,78986412,862,266191,All,Strategy,2022-09-08T11:29:04.037Z,2026-06-29T06:40:01.311Z,"⚔️ Compete for treasure to upgrade your kingdom! Recruit armies, defend your lands, and launch strategic attacks to conquer every opponent.

🎮 Game Controls & Basics:
- Choose a game mode and you’ll s",Spling,866,74199,15987
9294646427,Bobsled Ride Down a Mountainside,78942781,2104,179146,All,Obby & Platformer,2025-12-04T04:02:36.28Z,2026-07-17T06:34:52.7596593Z,"How far can you slide down the mountain?!

🛷 Ride your sled to earn Distance
🏁 Make it to the finish for a Win Boost
🔓 Unlock new sleds with better speed and control
❄️ Blast other players with your s",North Pole Drift Club,2221,344197,9797
2643072291,Frigid Dusk,78931064,5118,852855,Horror,Adventure,2021-06-06T01:33:54.703Z,2026-06-09T04:40:56.36Z,"[ HORROR ]

📝Recent Updates
+ CHAPTER 1.2 Remaster Released!



📖 [ STORY ]
Years ago, a group of scientists at IBC Laboratory accidentally invented a new biological weapon. The weapon was stolen afte",Idc Studio,5008,91227,19990
2491559356,Cursed Tank Simulator【SKYFALL】,78653792,390,164139,Military,Action,2021-04-04T02:41:53.62Z,2026-07-15T12:07:36.017Z,"Create your very own cursed tanks by mixing and matching modules and fight with other players!

We aim to have NO Pay To Win elements.

A silly passion project made with love by a small team during ou",tanmk,398,55130,16534
10226701629,[EVENT] Clean The Library 📖,78451036,10342,280151,All,Adventure,2026-05-26T19:23:58.97Z,2026-07-15T19:59:09.021Z,"👍THUMBS UP for more UPDATES at 125,000 LIKES 👍

🖥️ PC Controls:

E or Click: Pickup / Place book
Q: Drop book
Scroll: Switch top book
Right Click: Zoom In

🎮 Controller Controls: 

RT - Pickup / Place",Retro Library,10386,119697,10074
1375027828,Roblox Creator Challenge,76754889,50,353874,All,Sports & Racing,2019-10-24T17:04:49.74Z,2020-05-20T17:17:58.997Z,"Test your knowledge of the Galactic Speedway Creator Challenge to earn virtual prizes!

Haven’t heard of the Creator Challenge? Start creating your very own driftspeeder to race against your friends",Roblox Creator Challenge,56,44364,9774
2548183080,Pilgrammed: Early Sunset / Ex Machina,75349666,2975,281804,RPG,RPG,2021-04-27T15:59:29.16Z,2026-07-17T23:09:47.8756041Z,"⚠️ PHOTO-SENSITIVITY / EPILEPSY WARNING! This game contains many instances of flashing lights and screen shake. BE CAREFUL!

Pilgrammed is an open-world RPG game. You can craft guns and armor.

Clothi",Phexonia Studios,2956,145323,12716
8356066619,[🔥UPD 1.5⚔️] Anime Squadron,75171637,13482,47047,All,Strategy,2025-08-05T17:45:32.933Z,2026-07-13T22:25:52.016Z,"Dive into a brand-new lane battler packed with unique features, strategic gameplay, and exciting challenges.

🔥 Summon & Upgrade Your Units!
🛡️ Deploy your favorite anime heroes into battle.
⚡ Level u",Komplex Studio,13497,83116,3846
9485131494,[⚡] Hyper Speed Runner,74454606,1534,384054,All,Simulation,2026-01-02T00:12:07.283Z,2026-04-11T23:24:57.987Z,"Run, gain EXP, level up and unlock super speed! Every step makes you stronger and faster. Train, upgrade your gear and compete in exciting race challenges to reach max speed.

How to play:
🏃 Run to ga",Hyper Speed Community,1474,331062,6785
9561553764,[TRADING] Murder Duels ,74357202,7045,72333,All,Shooter,2026-01-14T22:16:21.543Z,2026-07-17T16:53:58.1526958Z,"NEW UPDATE: TRADING

Welcome to Murder Duels! A fast paced first-person dueling game, supporting 1v1s up to 4v4s.

🏆 Step on a pad to begin a duel. First to 5 wins.
🔪 You get two weapons in every duel",Breakfast,6943,99773,5791
6113928308,🔑Project: Escape Room [MULTIPLAYER],73735625,1657,382546,All,Puzzle,2024-06-13T16:38:31.237Z,2026-07-16T15:06:05.5348457Z,"Your goal is to escape!
~~~~~~~~~~~~~~~~~~~
Project: Escape Room is a difficult escape room game where you will find yourself stuck in different unique maps. Your goal is to escape, solving puzzles an",seriif,1700,114742,9076
9312646406,Land or Die! 👽 [IMPOSTER] ,73478624,8426,505986,All,Survival,2025-12-07T01:11:53.527Z,2026-07-17T23:08:07.5934257Z,"🚨 CURRENTLY IN BETA — expect bugs, glitches, and ongoing updates
⚠️ WARNING: This game contains flashing lights and rapid camera effects that may trigger seizures in individuals with photosensitive ep",Plenty of Planets,8420,77482,5994
6925303818,[☃️XMAS ] Goalbound,72933577,144,271334,All,Sports & Racing,2024-12-15T17:54:34.227Z,2026-06-23T04:40:36.698Z,"Shift - Run
Space - Rainbow Flick
E - Tackle
E Mid-air - Intercept
Space + M1 - Header
Space + Space (IF BALL IS IN AIR) - Other Header 
M1 - Shoot
M1 + A/D - Curve shot
M1 + M2 - Shot feint
M1 + M2 T",ΞGO,142,925404,20763
8842956505,Brainrot Royale 👑,72916524,192,173985,All,Strategy,2025-10-01T03:54:50.687Z,2025-11-21T19:36:53.983Z,"Brainrots are attacking your Town Hall! 😨

Build towers to stop the brainrots! 🏰
Upgrade defenses and survive wave after wave! ⚡
Open chests to unlock powerful new weapons! 🎁🔓

If you’re having fun, d",Slime Time Studios,180,537118,6449
4987856151,🎇Wanted [JULY 4TH],72482449,6120,310976,Town and City,Action,2023-08-14T22:09:22.64Z,2026-07-08T14:32:41.445Z,"💰 Live life as a daring bank robber or fight criminals and bring justice to Oasis City. 

🎇Fireworks show at the boardwalk once every hour!
🗽Exclusive July 4th furniture!
🏖️New summer furniture!
🧨New ",DevvGames,6073,240908,7050
4676287985,Decaying Winter,70822958,574,299625,FPS,Shooter,2023-05-14T05:42:25.133Z,2026-07-13T16:46:06.367Z,"Stranded on EDEN-227, a hostile planet where the day brings with it a lethal storm. Survive against hostile scavengers, militarized raiders, and seemingly supernatural enemies in this wave-based rogue",the coconut crew!,560,115718,10345
3936365689,"[🧵THREAD, SNOW AND BEAST🧵] Clover Retribution",70104041,942,388864,All,RPG,2022-09-14T19:05:08.313Z,2026-07-15T18:00:35.364Z,"R to equip a weapon if you have any.
G to equip your grimoire.
M to open the menu.

Join our chat for codes.

If you're confused about how to get spells, they're earned at different mastery levels & s",Clover Retribution,937,199229,15076
7640282930,[🔨] Build a Scam Empire!,68829073,131,2390068,All,Simulation,2025-05-03T21:04:35.277Z,2026-07-17T00:35:50.6023164Z,"💬 Welcome to Build a Scam Empire! 💻📱

Buy scammers, place them on your plot, and watch HOW MUCH MONEY THEY MAKE YOU!

HOW TO PLAY:

📞 Buy scammers from the shop
☎️ Place them on your plot so they can ",MetaPlay Games,133,817087,14481
9970645639,[🐟 FISHING] Run a Restaurant!,68631930,9390,515494,All,Simulation,2026-04-01T01:51:36.678Z,2026-07-15T14:20:50.804Z,"Welcome to Run a Restaurant! 

🍔 Cook recipes and serve customers!
🪑 Build and decorate your restaurant!
🐮 Raise animals and farm crops!
🧑‍🍳 Hire staff to do the work for you!

💵 Your restaurant makes",Burnt Toast Labs!,9335,407397,4937
10011808151,[💫]+1 Shrink per Step,68498267,16686,2584079,All,Simulation,2026-04-09T15:49:52.962Z,2026-07-17T21:45:02.9846615Z,"Welcome to +1 Shrink every Step

- 🚶 Walk through the world and Shrink with every step!
- 🔥 Buy Shrink cubes to boost your shrink gain to insane levels!
- 🌍 Watch the world around you become huge!
- 🔁",Seastar Studioss,16184,169727,6224
3107874866,[VOICE🔊] Rap Battles 🔥,68263051,365,847848,Sports,Social,2021-11-22T01:48:12.553Z,2026-07-07T21:22:17.08Z,"🎤 Rap battle against your friends or enemies to gain wins and climb the charts. Collect unique skins, throw tomatoes, and become the best rapper Roblox has ever seen...

Features in Epic Rap Battles
🏆",Lavaflow Studios,317,51867,10828
8705454731,Escape 99 Rooms🔑,68147816,9324,505832,All,Puzzle,2025-09-13T17:33:56.863Z,2026-06-26T22:50:24.585Z,"🚪Welcome to Escape 99 Rooms🚪

🧠You were chosen. Not for your strength or skill but for your MIND
😨You are not here to escape the rooms. You are here to escape YOU
🔑There are 99 rooms between you and t",Flashy Games!,9230,109873,10434
7935634976,The Lost Front,67223460,1284,172787,All,Shooter,2025-06-17T13:34:27.603Z,2026-06-14T12:07:56.581Z,"Welcome to The Lost Front! Step foot into the muddy trenches of a battle full of danger and uncertainty. Defeat enemies and capture objectives.

Game is still in development so expect bugs and uncompl",Type Productions,1266,65216,13671
7720654467,Blockies [2-3-4-5 Player Obby]  ,67183148,3575,195227,All,Obby & Platformer,2025-05-17T18:39:36.44Z,2026-07-17T22:34:51.4907856Z,"🎮 Blockies!

A game FOR 2, 3, 4, 5 PLAYERS where you’ll need to work together to reach the end! 🤝
But be careful ⚠️ — without using your freeze ability (key E), you won’t make it! ❄️

🧱 Blockies featu",ByBalsa,3676,30532,3631
7332812970,Motorcycle Racing 🏍️,67079632,262,2456803,All,Simulation,2025-03-05T12:59:37.84Z,2026-07-04T19:22:26.281Z,"⏰ Hero Event is starts at 6 PM UTC and ends at 7 PM UTC! Don't forget to log-in!

Welcome To Motorcycle Racing🏍️!
🏁Race to gain Wins!
🏍️Buy OP Bikes with Wins!
💪Train with your 🏍️ to gain Energy to go",Funny Simulаtors,262,307241,4010
10236023188,ASMR Tower [W3],64844488,7868,172098,All,Obby & Platformer,2026-05-28T16:40:10.078Z,2026-07-12T23:46:46.42Z,"ASMR Tower is a relaxing tower obby filled with satisfying slime, squishy, and keyboard click sounds. 🎧

Climb through ASMR Tower and enjoy satisfying sounds with every step! 🎧

Experience waxed butte",3 Studio,7675,180659,6559
7414497778,[MTC] Multicrew Tank Combat,64732352,2383,171452,All,Action,2025-03-22T03:21:47.883Z,2026-07-09T22:43:32.763Z,"Assemble your crew, choose your tank, work together on roles like commander, gunner, driver, or loader. and dominate the battlefield!

Copyright
© 2025-2026 Top Giun. All rights reserved.",Top Giun,2394,62082,11456
7706951053,First Is Owner ,64480973,1468,610053,All,Party & Casual,2025-05-15T13:21:51.347Z,2026-07-08T14:59:15.881Z,"👑 Become an Owner! Or play and feel at home in many different servers, built and ruled by people
Even if you're not the first, you can still become Owner -> reach Position #1!

⚠ Chat is heavily recom",dm_own,1456,40956,11994
2350840700,Project Flight | Early Access Pre-Alpha,63837608,370,360668,All,Simulation,2021-02-05T14:02:16.043Z,2026-07-16T19:38:44.8503188Z,"Project Flight combines accurate models and realistic airports & graphics with accessible flight dynamics to create an engaging flight simulator experience. 

In Project Flight, you can roleplay, beco",Project Flight,368,134893,11463
2621511041,Ronopoly [Gold] - (Duo Mode!),63598250,1640,257018,All,Strategy,2021-05-28T10:37:52.52Z,2026-07-17T22:38:00.7418669Z,"A Roblox themed real-estate game where you go around the board buying various popular Roblox games adding servers to them to increase landing fees. 

In this game you can win by getting three monopoli",Late Shift Games,1648,59946,24387
10397566868,[UPD]🦎 Chameleon!,63271956,26541,294296,All,Party & Casual,2026-06-26T11:57:30.71Z,2026-07-17T23:17:51.1723597Z,"🎨CHAMELEON!

Paint your Dummy, Camouflage into the map, and hide from the Seekers!

🖌️ PAINT YOURSELF: Navigate all color pools and coat your avatar!
🦎 BLEND: Blend into walls, floors, and objects!
🏆 ",100 CCU PLEASE,26002,169984,10360
9776222468,🐔Cluck or Hide!,62325856,7807,130181,All,Party & Casual,2026-02-22T03:25:27.51Z,2026-07-16T16:04:20.8191476Z,"🐔Cluck or Hide!...

🎁Code:
UPD1
UPD2
UPD3
NEW CODE:
UPD4

[ THE GAME IS IN BETA EXPECT SOME BUGS ]

🎮 How to Play
Hiders: Hide, stay still, and survive until time runs out
Killer: Hunt moving players ",sausagerate,17090,42112,6561
8881302585,🩸Generic Blood Ragdoll Fighting,62324335,2675,114533,All,Action,2025-10-05T18:38:51.383Z,2026-07-17T12:56:49.1354191Z,"🩸/ Bloody sword fighting, with advanced blood and ragdoll physics!

⚔️ Features:
-🩸 Blood NPCs
-💥 Bloody Fighting
-🔥 Many Melee Weapons

Join The Group!
https://www.roblox.com/communities/841193265/Bl",BloodSplatter12,2616,80329,17815
9735583968,SCP MORPH,61557251,11828,216197,All,Roleplay & Avatar Sim,2026-02-15T20:44:42.98Z,2026-07-17T22:09:40.162138Z,"Welcome to SCP MORPH!
Secure. Contain. Protect.

Updates every Saturday, new content and improvements every week.
Find and unlock 30+ SCP morphs hidden around the facility.

Explore different location",SCP MORPH,11517,72587,4224
9084112733,[UPD🏆] Camper Van Trip 🌲,61305454,4536,133363,All,Adventure,2025-11-02T03:12:09.937Z,2026-07-15T01:36:38.826Z,"How to play:
- Fuel the van ⛽
- Manage the tires ⚙
- Reach Landmarks 📍
- Eat 🍞
- Survive 💖
- Drive 🚙

Join our community for game updates and info!

credits to MIX_sneaky for voice lines for the lore ",Rat Studios-,4496,13319,3717
3170483284,Croydon: London Bus Simulator,60564759,354,169533,All,Simulation,2021-12-16T15:41:26.913Z,2026-07-16T20:15:51.84129Z,"Welcome to Croydon, the realistic London bus simulator.

🚌 Drive passengers around the city with realistic physics & hundreds of buses to choose from.
🧑‍🧑‍🧒 Connect with likeminded people by driving o",Centro Interactive,354,50511,13342
1953956112,Visual Pianos 🎹,59186763,473,864187,All,Entertainment,2020-08-20T07:42:05.73Z,2026-07-12T17:09:31.994Z,"Welcome to Visual Pianos, the best pianos on Roblox.

Play piano, perform with friends, and bring your favorite songs to life. We're a multiplayer music experience with customizable instruments, beaut",Visual Piano Studios,485,43536,5074
4858558391,Terminal [Escape Room],59185797,1555,498332,All,Puzzle,2023-07-11T04:53:44.857Z,2026-07-17T19:08:10.0142211Z,"Can you escape? 🕵️

SEASON 2 OUT NOW!!

In this Escape Room inspired game, uncover the sinister secret of Leisterez as you escape multiple life-or-death scenarios: a runaway train, an abandoned train ",CCF Studios,1530,97817,12179
1962399895,[WAVE 50] Toy Defense🧸,59055282,2064,160993,Building,Strategy,2020-08-24T02:26:32.017Z,2026-07-17T21:00:43.0488158Z,"🔨Build a defense to fight off the enemy units

⭐Thanks for 125K likes. Use code 125KYES for free cookies!
⭐Hit 135K likes for another code

⚡️Follow the owners and join the group for +10% bonus cracke",Glacid Games,2081,128895,21284
5753515186,The Eastern War 2.5,58911793,479,320968,Military,Shooter,2024-03-14T13:07:35.93Z,2026-07-17T11:48:23.4948693Z,"THE EASTERN WAR 2.5
A war without end. A battlefield without limits.

Enter a persistent military conflict where strategy, teamwork, and skill determine victory. Fight across 
multiple realistic battl","Military Productions,",471,66034,24438
6919822640,Sprunki RP 3D [SUMMER],58440113,242,837427,All,Roleplay & Avatar Sim,2024-12-14T18:50:20.16Z,2026-07-15T05:14:41.691Z,"Welcome to Sprunki RP 3D!

Thanks for playing!
Based on Incredibox Sprunki by NyankoBfLol, all credits go to him

LAST Update: SUMMER 🏖️
-New 2 BADGE Morphs
-New Beach Zone
-Fixed bugs

Follow us for ",Pranki Studios,217,19875,4679
85651869,Survive The Disasters 2,58344627,75,673566,All,Survival,2014-09-30T13:00:55.377Z,2026-06-29T16:54:20.959Z,"!! GAMEPASS ITEMS REGARDING V2.0 !! 
Gamepass items won't spawn in your backpack with the new saved backpack system for the first time. You will have to get gamepass items from the SHOP (they're still",VyrissDev,82,173925,22238
3666294218,🌲 Oaklands [🌱 SPROUTS & QUESTS],58002717,831,413689,Building,Simulation,2022-06-17T14:53:03.443Z,2026-07-13T14:19:46.283Z,"🌳 Create a tycoon empire in this sandbox game. Chop trees, process lumber, mine rocks and ores, create amazing buildings, and more! There are endless opportunities, from creating complex automated mac",Typical Developers,832,118213,15062
7061783500,2 Player Battle Tycoon,57940438,565,1201845,All,Simulation,2025-01-09T18:27:15.483Z,2026-06-25T22:42:00.867Z,"Use Code SecretLab for 50 Diamonds!

Build your base in 2 player battle tycoon! 💥
Use droppers to earn cash, buy weapons & fight your rivals. Capture the underground flag for +30% extra income 💸

Join",Yvu Productions,489,158232,8074
3081555258,Shovelware's Brain Game,57834707,150,484085,Comedy,Party & Casual,2021-11-12T23:10:22.01Z,2025-06-01T20:05:40.453Z,"It's time to bring the brain! Win wacky prizes by answering entertaining questions in this comedic game show, developed in collaboration with SMART Technologies. 

LATEST UPDATE:
◉ Added 20 new questi",Shovelware Systems,153,168147,12984
9945976408,[ FInal Wars Godzilla ] Kaiju Alpha,57499567,7414,131585,All,Action,2026-03-27T05:10:47.437Z,2026-07-17T18:34:45.7213852Z,"🔥 NEW UPDATE 38 🔥
- ADDED SHOWA JET JAGUAR
	
🕹CONTROL:
1 - Skill 1
2 - Skill 2
3 - Skill 3
4 - Skill 4
5 - Skill 5
R - Roar 1
T - Roar 2

⭐ Favorite the game to never miss new updates!
👥 Join the grou",SULU KAKA,7346,93640,4827
6190071862,Grave/Digger,57471783,2081,210106,Military,Shooter,2024-06-29T12:57:40.913Z,2026-07-14T16:42:35.438Z,"V.1.38
Only at death is the final chapter of our lives written.

When the surface was ravaged by war,
The Golden Empire and the Royal Nation continued their war underground.

An alternate history WW1 ",Archeximus,2067,75743,10207
5091490171,[🎥REPLAY] Jailbird,57444066,4265,207134,FPS,Shooter,2023-09-14T12:24:49.623Z,2026-07-14T16:36:39.719Z,"[Jailbird Remastered]

Welcome to Jailbird Remastered,

A revamped version of Jailbird Roblox FPS. Immerse yourself in the world of ruthless gang warfare. Engage in fierce, tactical combat. Customize ",Jailbird Official,4252,89231,8656
10127090395,+1 Speed Slime Keyboard Escape,57293831,30586,2987149,All,Obby & Platformer,2026-05-05T16:19:58.559Z,2026-07-17T23:09:10.4907157Z,"💎 Welcome to +1 Speed Slime Keyboard Escape!
⏰ Come back to claim speed from when you were offline!

⚡ Every step = +1 Speed
💪 Train your speed and unlock powerful multipliers!
👥 Race against friends ",Cherry Red Chariot,30257,59399,3899
5682590273,👺Demon Warriors,56832551,67,238141,Adventure,Simulation,2024-02-24T05:59:34.393Z,2025-07-23T09:24:11.11Z,"👺Choose your favorite character from ""Demon Slayer"" and train to become the strongest warrior ever.

💫 Feature: 
(1) Team up and fend off demon waves
(2) Collect weapons, pets and characters 
(3) Mast",Yes Madam,67,580488,10555
9168386959,100 Waves Later,56314123,415,243653,All,Survival,2025-11-14T21:47:45.797Z,2026-04-30T19:01:58.319Z,"Fend off the horde! Adapt your build to your weapon and skill rolls, as every wave brings deadlier zombies and boss fights. 

Unlock new classes and synergize with teammates to make it farther. How lo",banjo boiler room,422,601139,10716
9754968779,[WORLD 6] +1 Health Per Click,56214736,1056,2675521,All,Simulation,2026-02-19T00:49:21.123Z,2026-07-14T06:50:02.006Z,"⚡ Welcome to +1 Health Per Click

💖 Every click makes you stronger
💪Train on treadmills 
🌍Become the STRONGEST on the server 
🚀But be careful… one misstep and you’ll be back at the start

👍 LIKE and F",Who owns this? Games,1059,418820,9103
3349588628,Digital Piano 🎹,55260061,498,1229168,All,Entertainment,2022-02-17T12:32:11.247Z,2026-07-14T19:55:33.752Z,"NEW UPDATE! 30/05/26
- New Piano SYSTEM with 88 Keys
- Mobile Support
- 2D Piano Roll Visualizer
More Info on our Community Server

🎹 Welcome to Digital Piano! 🎹

The ultimate online piano game that e",Digital Piano Org.,477,37662,6154
5286749994,[Sale] Aftermath 🧟,55222453,517,678062,FPS,Action,2023-11-11T16:55:33.357Z,2026-07-10T19:08:05.322Z,"Enjoy 60% off Aftermath with our summer-sale!
Aftermath is an open-world zombie survival looter-shooter!

🧟 Survive against zombies
🔫 Loot guns and supplies
💥 Eliminate other players
🔥 Can you survive",C:\Games\,497,139532,28903
9885372266,Unseen Liminality [BETA] [Aug 5],55007846,3414,2215129,All,Adventure,2026-03-15T03:45:50.283Z,2026-07-17T16:58:08.367972Z,"❗BETA. Expect some bugs, and unpolished areas.
🚧 Objectives, Entities, and content coming soon.

The more times it remembers something, the less it does.

An exploration game inspired by Beyond Limina",The Unseen Zone,3448,99095,7574
7744159391,Tennis: Zero,54629148,368,428412,All,Sports & Racing,2025-05-21T16:54:11.053Z,2026-05-30T03:06:34.554Z,"🎾 BECOME THE KING OF THE COURT in Tennis: Zero 🎾

🔥 INTENSE 1v1 and 2v2 TENNIS ACTION
Play a casual match with friends!

🎮 CONTROLS:
Hit, Smash in Midair - CLICK [PC], RT [CONSOLE]
Lob, Tap in Midair ",Current x Blackstar,379,1043001,21278
4652005960,[UPDATE!] Asura,54603444,1394,85001,Fighting,Action,2023-05-06T08:29:27.053Z,2026-07-09T12:04:14.574Z,"Asura is a PVP focused game where players train to become the strongest. Pick one of the many different martial arts & show off your moves.

Show support by favouriting & liking the game.

We update r",Asura Association,1372,27099,4848
2860485766,[😱] Horror Elevator!,54310366,1001,2019255,Horror,Party & Casual,2021-08-26T01:53:30.103Z,2026-07-15T18:24:30.555Z,"😱 Can YOU survive the scariest Roblox horror elevator game?
Every floor is a new nightmare monsters, killers, and cursed horrors await behind the doors...

👁️‍🗨️ Escape from killer clowns, haunted dol",Game Chefs,959,83371,9766
7440311707,[UPDATE] Devil Hunter,54157274,1389,171893,All,Action,2025-03-26T17:28:59.28Z,2026-07-13T15:24:39.331Z,"250K LIKES FOR NEXT CODE :D

Controls:

Left Alt - Shiftlock
Shift - Run
E - Equip Weapon
R - Critical
K - Emotes
H - Skateboard
Q - Dash
V - Carry
` - Inventory
N - Phone/SkillTree
B - Grip
T - Follo",Devil Hunter May Cry,1420,238092,25956
8017401632,Wavelength! [BETA],53526621,1914,131511,All,Party & Casual,2025-06-28T06:42:26.413Z,2026-05-13T07:12:48.903Z,"A secret angle is hidden on the wheel between two opposites… can your friends read your brainwave and find it? 🧠⚡
(REQUIRES 2 PLAYERS)

How to play:
Each round, one player becomes the Psychic and sees",Brainwave Arcade,1865,44731,2962
7432254268,⛏️ Mines,52799217,120,804415,All,Simulation,2025-03-24T23:24:51.323Z,2026-07-11T03:26:47.304Z,"⛏️ Welcome to Mines! ⛏️

Mine and explore unique caves in search of ores, rare treasures, and crazy items. Sell your finds to upgrade your pickaxe, unlock powerful radars, and operate DRILLS!

💎 Hire ",Gold Rush Games,110,710306,8532
9256910782,🚀 Spear Training!,52721981,683,3024313,All,Simulation,2025-11-28T05:33:15.817Z,2026-07-15T17:28:28.796Z,"🎯 Welcome to Spear Training!
Are you ready to become a legendary marksman? 🚀

Train, aim, and hurl your way to glory in this high-octane throwing adventure. Build massive strength, unlock mythical spe",Broke Boys Games x Spear Training,678,373618,5804
6625910847,Starving Pianists 🎹 ,52343488,97,1271298,All,Entertainment,2024-10-02T11:36:06.44Z,2026-05-30T05:26:14.467Z,"Record and Play Piano 🎹 -> 💸

💖 Like and favorite the game for more updates

Global Effects:
💥 1000 - Nuke

Join Fan Group: https://www.roblox.com/groups/32975097

Best Experience:
While the game is o",lmjingdian_2,100,21209,4751
5940874374,Animal Race Simulator,52270812,56,3076106,Adventure,Simulation,2024-05-02T14:55:11.807Z,2026-07-15T19:45:35.761Z,"Welcome To Animal Race Simulator!

USE CODE: 2026

How To Play:
👆Tap or Click To Train,
🏆 Race To Collect Wins And Animals,
🐶 Unlock Cute Pets,
🌎 Get To The Top Of The Leaderboards!

🎖️ PREMIUM Player",Animals Legendary,64,414342,7708
1946714362,[🐢] Bloodlines,52107998,1942,154291,All,RPG,2020-08-16T16:57:06.033Z,2026-07-11T01:30:32.252Z,"Bloodlines is a high stakes, action-adventure game where exploration is a key element of the experience.

For any exploiter reports or restore requests, please head to our server linked below.",-Bloodlines-,1972,40816,9025
6983536246,[🎶] Incredible Blox,51920423,568,175879,All,Entertainment,2024-12-26T21:12:03.077Z,2026-07-07T09:12:44.849Z,"🎮PC, Mobile, Console & VR supported
👍Please like, it helps alot!!!
👥User instruments & free multiplayer with 8 people!
🎶Create songs & have silly dummies dance to them!

Incredible Blox is a fangame t",specil studios Deluxe,555,49244,4121
9893515490,☢️ Nuke Your City,51696336,796,1216454,All,Simulation,2026-03-16T14:40:52.345Z,2026-07-15T21:59:17.567Z,"☢️ Welcome to Nuke Your City! ☢️

☢️ Grow Your Nuke!
💥 Explode your Nuke & Control the Destruction!
🛠️ Buy New Machines & Upgrades!
👑 Rebirth & Unlock Research Upgrades!


-- 🚨Your Explosives Grow Off",Nuclear Fun,782,413185,6894
2618786652,Daybreak ,50815101,610,325039,All,Survival,2021-05-27T05:06:03.19Z,2026-07-15T21:16:28.403Z,"Welcome to Daybreak! Daybreak is a 1v8 asymmetrical horror game where you either play as the ruthless hunter or a team-oriented survivor each with their own unique abilities.

SURVIVORS: Help your tea",DaybreakDev,613,71669,10948
7556543437,[SOON] Invincible Showdown,50206605,352,147576,All,Action,2025-04-18T02:25:10.067Z,2026-07-12T15:33:15.663Z,"2X EXP WEEKENDS

Previously Known as: Hero Showdown / Invincible Showdown

❗NEW CODE at 295K Likes ❗ 

🌌 Explore Multiple Scenarios – Battle through different timelines and story events.
🔥 Unleash You",64x Games,353,289585,15969
10067258922,+1 Aura Per Click,49589549,6594,3240637,All,Simulation,2026-04-22T00:01:30.605Z,2026-07-17T19:39:01.4834272Z,"👑 Welcome to +1 Aura Per Click

⚡ Every click gives you Aura
🔥 Train Aura on treadmills
💪 Become the STRONGEST in the server
🔄 Rebirth for MASSIVE multipliers
🚀 Watch your step... one mistake sends yo",Aura Software,6493,261098,2765
9619492068,[UPD] Titan Fishing,49507182,88,345943,All,Simulation,2026-01-25T03:09:35.13Z,2026-07-03T12:54:02.11Z,"Welcome to Titan Fishing!

This game is inspired by the movie “Câu Cá Vạn Cân”, known in English as “Fishing for Ten Thousand Pounds.”

Go and learn ultimate skills to defeat massive fish weighing up ",Game Noob Studio,77,398650,8170
2137105308,Trivia! Roblox Game Show [Jeopardy],49506830,774,156069,RPG,Party & Casual,2020-11-12T10:15:03.247Z,2026-07-10T15:02:45.262Z,"👍 LIKE THE GAME FOR NEW QUESTIONS! 👍
🥳 For every 1000 likes, 100 new questions are added

📺 Be a contestant in a realistic quiz game show
🧠 Test your knowledge by answering questions from many categor",L27 Dev,743,35166,12468
112845193,Bird Simulator,49143987,5,775286,Adventure,Roleplay & Avatar Sim,2015-08-26T17:34:54.98Z,2023-03-24T08:11:37.81Z,"Discover the joy of flight and live the life as your favorite bird. Make friends or challenge yourself, it's up to you!  But most of all, have fun!
",Avian Skies,5,283475,57200
10178802449,+1 Mine Per Click ⛏️,48515628,17310,1937515,All,Simulation,2026-05-17T00:12:05.705Z,2026-07-11T19:46:42.633Z,"⛏️ Welcome to +1 Mine Per Click
💤 You earn Strength & Cash while your OFFLINE!

1. Train your Strength 💪
2. Mine down 💥
3. Collect Loot & Sell it! 💵
4. Upgrade your Pickaxe ⬆️
5. Rebirth and REACH THE",VERY LUCKY,17123,31660,2025
4408288935,Ecos: La Brea,48258275,1025,252986,Adventure,Roleplay & Avatar Sim,2023-02-20T05:45:47.437Z,2026-07-17T13:35:41.3870959Z,"Step into Ice Age North America, 25,000 years ago. In Ecos: La Brea, explore the prehistoric ecosystem preserved by the iconic La Brea Tar Pits of Los Angeles, California.

Pack together as the cunnin",Ecos Team,1011,70082,6110
6280758286,Армия Роблокса РП,47874613,1081,36189,All,Roleplay & Avatar Sim,2024-07-17T19:20:24.723Z,2026-07-16T15:13:07.9633289Z,"👋 Добро пожаловать в Небогорскую область.

После прохождения медкомиссии ты признан годным к службе и направлен в часть. Здесь тебе предстоит освоить порядок, выполнять приказы, проходить подготовку и",DaBest Games,1133,32158,4387
1258866324,Defusal 💣,46729440,1804,644487,All,Puzzle,2019-08-01T21:43:00.887Z,2026-07-17T17:10:06.8132654Z,"Welcome!
In this game, the Defuser comes face to face with a ticking time bomb full of puzzle modules! 💣⚡

Play with friends, or go in solo!

👥 Multiplayer mode: the Defuser must communicate to the Ex",Polygon Interactive,1785,90109,14904
9855761734,San Diego Border Roleplay,46498153,15157,95834,All,Roleplay & Avatar Sim,2026-03-08T18:59:20.013Z,2026-07-14T16:25:51.042Z,"🌴 Welcome to San Diego, California 🚔

🛠️ Live development - biweekly updates, your voice shapes the game

NO EXPLOITERS. NO CHEATERS. NO EXCEPTIONS.

Roleplay game - respect the rules & respect other ",San Diego Border Community,14953,43875,8689
7613921865,Anime Expeditions [RELEASE],46394050,183428,45079,All,Strategy,2025-04-28T17:56:58.9Z,2026-07-17T21:18:44.2025013Z,"Welcome to Anime Expeditions! 🧭

🌟 Heroes from across the anime universe have banded together for the expedition of a lifetime, venturing into unknown lands filled with danger at every turn! Will you ",Expeditions Entertainment,183309,61410,983
8851542818,[🦆] Detective Duck,46044836,2144,256308,All,Puzzle,2025-10-02T10:02:55.927Z,2026-07-15T11:01:55.318Z,"Will you solve the crime scene?!

Detective Duck is a unique puzzle game similiar to an escape room, where you will find yourself in different maps. Your ultimate goal is to find the criminal! 

🎮Play",Protocol: Anomaly,2154,56042,2834
7265339759,REDLINER [UPD 1],44844304,7379,264834,All,Shooter,2025-02-19T09:24:57.023Z,2026-07-15T17:40:10.88Z,"Roblox Plus players earn +50% Yen.

A fast-paced FPS game that combines swordplay, gunplay, and parrying, with an in-depth movement system.
There is no speed limit.

Controls
[LMB] - Melee
[Q] - Gun
[",REDLINER,7159,104340,10804
9908641400,Football Fusion 3,44842471,2833,43270,All,Sports & Racing,2026-03-20T02:31:12.358Z,2026-05-30T20:22:24.738Z,"🏈 Jump right into realistic football with deep mechanics and teamwork!

🎮 Private server owners get admin with full permissions

✅ RULES: No cheating, stat boosting, or trolling

LEGAL: This is a gene",XSTNS GAMES,2828,26345,3957
2309918273,[🕳️] VV: ULTIMATUM,44798638,6315,470800,All,RPG,2021-01-19T18:45:56.497Z,2026-07-17T03:55:38.253361Z,"👍 Like the game for free codes and rewards!
👥 Join our community server to stay up to date with news, updates, and exclusive rewards!

⚔️ A stylized fighting game in which you navigate dangerous world",Midnight Continent,6302,185172,19158
10334731049,[⚔️1v1] Clean the Supermarket!,44772187,11401,255148,All,Adventure,2026-06-15T19:14:03.116Z,2026-07-14T16:22:37.478Z,"👍LIKE + JOIN GROUP👍

PC Controls:
E - Interact
F - Drop
T - Wipe Save
Click - Place

Console Controls:
RT - Interact
B/O - Drop
RT - Place
D-Pad - Abilities

The supermarket is in complete chaos and y",Tidyverse,11695,70769,5239
3747388906,Fallen Survival🏹,44587798,2347,269269,FPS,Action,2022-07-15T00:04:04.093Z,2026-07-17T18:57:42.2930307Z,"Your base and items are saved on your last played server when you leave. 
Servers will reset bases and data - scheduled every Friday at 3 PM EST.
 
🏝️ Spawn on the beach with a boulder!
🪓 Harvest reso",Chunk Studios,2356,44775,7741
4034530348,Word Search!,44564079,81,107709,All,Puzzle,2022-10-20T20:11:42.187Z,2024-10-19T00:45:00.263Z,"Play word search puzzles in Roblox!

Start a word search and find hundreds of different words on a grid! Beat puzzles to get exp and level up, and unlock more fun gamemodes to play! Work together with",GalaxyGourmet,102,21302,6728
5944821008,🚨 Birmingham Vehicle Simulator,44471209,507,224884,All,Simulation,2024-05-03T17:33:20.49Z,2026-07-17T19:29:37.3608945Z,"🇬🇧 Welcome to Birmingham Vehicle Simulator 🇬🇧

🏙️ Explore England’s second city with a detailed City Centre & busy surrounding roads.
🚕 Complete taxi jobs by transporting NPC passengers across the cit",Birmingham Vehicle Simulator,496,11924,5041
4420562665,Ride Storm,44340208,12555,99576,All,Simulation,2023-02-24T09:58:15.833Z,2026-07-17T20:05:39.9710502Z,"🏍️ Welcome to Ride Storm!

❗Latest Update❗
⚡ New UI & Gameplay Improvements
⛈️ Thunderstorm Event
🎁 New Codes
🌿 Visual Reworks & Optimizations
🏍️ New Motorcycles

🏁 Experience realistic-inspired motor",Ride Storm,12562,50542,5398
8292068736,[The Rolling Stones] The Block,44109023,3358,269852,All,Entertainment,2025-07-29T15:45:48.33Z,2026-07-17T23:23:44.4803565Z,"Welcome to The Block from Roblox Innovation Studio; Roblox’s “Main Stage” where the future of entertainment is co-created with YOU!

🔭 Discover What's Next: New artists and content creators that you’l",Music on Roblox,17010,283838,18235
4578260860,Try To Die 💀,43826479,2296,2201389,All,Puzzle,2023-04-13T17:48:43.983Z,2026-07-17T22:21:34.7711112Z," 🕹️ Welcome to TRY TO DIE! 💣

🚀This is a game where you have to die to progress further into the game..! 
🔥Find ways to die in fun and various rooms. Can you beat all levels and reach the end? 🏆

🌟Mak",ColdsCode,2289,63463,13078
10081194651,Pickaxe Tycoon ⛏️,42729572,1821,168300,All,Simulation,2026-04-25T11:50:59.299Z,2026-05-23T09:34:54.977Z,"Buy a pickaxe to start mining
Convert your ores to money
Buy more pickaxes and merge to get better ones

Build a giant mining tower and collect all the pickaxes!",Popular Marketplace,1779,465361,4703
9209811415,🎞️ Emote Catalog,42123990,1629,87819,All,Shopping,2025-11-20T20:25:22.26Z,2026-07-17T21:54:49.2674842Z,"A catalog dedicated to real creators, not reuploaders.🛍️
Browse through the whole Marketplace, Create Outfits and Spend Time with your Friends.🔍
No Limits, powering creativity✨

Support artists, shop ","L,XOXO",1642,10173,1333
10144280947,[X2]🐒 +1 Speed Monkey Escape,42009604,21172,1796078,All,Simulation,2026-05-09T19:12:04.372Z,2026-07-17T20:35:20.4590552Z,"⚡ Welcome to +1 Speed Monkey Escape

How to Play:
🐒 Jump on walls and run as a Monkey
👟 Every step makes you faster
🏆 Overcome obstacles to get wins
💪 Unlock new upgrades
🔥 Rebirth to push your limits",100% ALGO SHOT,20993,369100,5292
10384841418,[AURA!] Clean the Squishies!,41978088,20373,1266568,All,Adventure,2026-06-24T02:19:28.123Z,2026-07-16T00:16:24.101Z,"ALL SQUISHIES NOW SAVE EVEN ON THE FLOOR!

👍 THUMBS UP for more UPDATES and a FREE CODE at 1,000 LIKES 👍

🖥️ PC Controls:

E or Click - Pickup / Place squishy
F - Drop squishy
Numbers - Switch squishy",SquishyDishy,20508,35722,3434
7359962123,An Average Campaign [Alpha v0.4.5],41739398,4186,226100,All,RPG,2025-03-10T21:35:29.507Z,2026-07-17T19:00:40.1059216Z,">> An Average Campaign is intended to be played with 3 - 4 players but supports 1 - 5 players <<

Embark in a classic, simplistic roguelike adventure full of inside jokes, references, and other random",An Average Campaign,4189,71662,4133
3837114739,The Vampire Legends 2,41509403,722,143419,Fighting,Action,2022-08-11T23:20:14.72Z,2026-07-13T02:45:50.488Z,"🩸 Choose from a variety of supernatural species, including vampires, witches, and werewolves, each with their own unique abilities and playstyles

🏫 Explore iconic locations, such as the mysterious to",Insidious Game Studios,737,41802,3678
10040497010,[🌍]Guess My Country!,41479328,2434,73875,All,Party & Casual,2026-04-15T19:21:17.093Z,2026-06-14T11:40:51.611Z,"Battle your opponent to guess their country first! 🤔

💀 Guess right, or it's GAME OVER!
👍 Like the game for more updates!

Thank you for playing! ✅",SimpleFun,2366,61599,6185
8283159479,🚜 Build a Tractor ,40764895,319,124437,All,Simulation,2025-07-28T14:51:37.837Z,2026-05-22T16:44:57.222Z,"Welcome to Build a Tractor!

🚜 Buy parts and customize your tractor
⛰️ Survive and explore new biomes 
🤑 Cut grass and get rich!

👍 Like the game and join the group
💸 Your tractor cuts offline and mak",tractor games!,354,381215,5528
7618444254,Horse RNG 🐎 ,38378349,538,690771,All,Simulation,2025-04-29T19:58:04.113Z,2026-07-07T19:28:29.136Z,"🐴 Welcome to Horse RNG 🐴 

Buy food from the shop, breed your horses, unlock unique & rare breeds, and then sell or race them to make money! 

How to Breed Horses:
- Buy Food with a High Enough Level
",Tou Interactive,556,385954,7618
9830176316,[MODES] Super Head Soccer,37982934,4294,18262,All,Sports & Racing,2026-03-03T21:07:15.407Z,2026-07-17T12:14:23.0911478Z,"⚽ Play fast 1v1 matches in a 2D stadium using only your head and shoes.

Score goals, defend your net, win matches, and climb the leaderboard. 🏆

How to Play
Hit the ball, block shots, use your power,",God Bless Zak,4269,39389,2807
5841858050, ❄ Strideway,37910867,179,150472,All,Roleplay & Avatar Sim,2024-04-06T14:18:07.557Z,2026-04-30T11:07:41.7Z,"
Welcome to Strideway, an open-world realistic Roleplay Game.

🐎 Big Variety of Horse customization and Unique horse Coats
🏞️ Endless Trails and nature scenery 
🌟 Featuring realistic roleplay features",Strideway,181,35985,3981
3645313968,🐯Endangered World,37453839,57,164100,All,Adventure,2022-06-10T00:06:34.997Z,2025-10-27T14:50:41.567Z,"🐯 Save the animal kingdom by discovering endangered animals and become the ultimate animal hero!

🐳 Discover 100+ animals across many biomes.
❤️‍🩹 Heal injured animals at the Rescue Center to adopt an",Playduo Studio,65,44997,4085
9230423513,My Card Collection,37358602,156,106768,All,Simulation,2025-11-23T11:30:29.127Z,2026-01-27T09:03:55.242Z,"🃏Welcome to My Card Collection!

How to Play:
🎁 Buy a pack of cards and open on the table!
📖 Cards are added to your big binder!
💸 The cards generate money!
✨ Buy better packs & flex your card collect",Goofy Cards,164,301795,6099
6420341213,Anime Slashing Simulator,36674065,171,1254748,Adventure,Simulation,2024-08-15T10:02:08.56Z,2026-06-29T19:21:42.552Z,"Welcome to Anime Slashing Simulator! ⚔️

😈 Slash Through Strong Objects and Dangerous Enemies!
💰 Collect Coins to Buy AMAZING Swords and MORE Items!
🗺️ Unlock and Explore New Areas & Worlds!
🔄 Compete",Swansa X Peaceful Play,173,292627,4703
9747555206,Watch Cringe Peppa movies,36578760,709,111102,All,Entertainment,2026-02-17T19:02:00.963Z,2026-07-15T07:27:26.945Z,"Watch cringe UNOFFICIAL peppa movies parodies for free
Try to not be cringed out 
⚠️⚠️ The videos are NOT official, NEITHER owned by us, they are PARODIES ⚠️⚠️
The rights remains to their original cre",CineStars,705,30236,5641
10189903609,Finish The Word! [ RANKED ],36447268,7503,60462,All,Puzzle,2026-05-19T11:08:32.912Z,2026-07-17T14:07:59.2077439Z,"Poodle -> Elephant -> Turtle! Keep the chain alive in this fast-paced word game!

Each round, say a word that starts with the last letter of the word before it. The longer the game goes, the harder it",Table Game X,7509,33849,3763
29260112,[EVENT] Digimon Digital Monsters,36182602,94,247328,RPG,RPG,2012-01-11T03:51:39.16Z,2026-07-16T13:02:33.8482582Z,"🌐 Digimon Digital Monsters
⚡ Collect, Train & Digivolve 350+ Digimon

🦖 Discover 350+ Unique Digimon
⚔️ Conquer Epic Raids, Bosses & God Quests
🌍 Explore Massive Open Worlds Packed with Secrets
✨ Unlo",nakata1609,81,61327,12119
8218591943,Dive into a Pool 💧,35839883,281,140265,All,Simulation,2025-07-21T11:13:14.39Z,2026-05-22T05:34:40.951Z,"🤿 Welcome to Dive into a Pool!

👍 Like the game & join the group

How to Play:
🏊 Dive into a poll!
💰 Upgrade your Diving Board!
🤸‍♂️ Jump from a higher place!
🎉 Rebirth to boost progress!

🚀 Launch Co",LDS III,272,277358,3764
10357992717,Monobombo [🙈🙉🙊],35780357,4566,98793,All,Party & Casual,2026-06-19T18:52:56.381Z,2026-07-17T22:55:21.5429777Z,"In this game, you and your friends will be 3 monkeys trained to defuse bombs. The only detail is that one monkey has his eyes blindfolded 🙈, the other wears headphones at full volume 🙉, and the last o",Colword,4268,28546,1350
3730079862,Examination,34620102,2388,389033,Horror,Shooter,2022-07-09T09:48:52.13Z,2026-07-15T20:21:17.278Z,"!! The game is a heavy WIP and just a passion project, so expect bugs and non-final content. !!
""You are going nowhere but to hell... I hope you like it there.""

Examination is a PvE horror shooter, w",{MENLO-INFANTRY-DIVISION},2437,121727,9613
10050364824,[Lalala] Trending Meme Animations,34573029,957,197391,All,Entertainment,2026-04-18T08:27:25.386Z,2026-07-08T21:09:20.915Z,"Trending Meme Animations
Place where you can take your avatar and use it in any ""Trending"" animation!
( in the game, you are presented with a large list of animations! where you can choose the animati",Reflections Studio [DEV],918,36698,5520
6596003198,[🎵] Project : RUSHER,34333678,388,327165,All,Action,2024-09-24T21:02:52.467Z,2026-07-16T08:47:25.065Z,"🎵 Update 0.2.10
- WANWAN SONG by 黒魔 
- 雪が降る by Project Skylate

Horizontal Rhythm Game(HSRG) that involves you destroying circles.
This game is currently in beta, so expect tons of bugs and changes

C",aster*kris,379,112170,8301
10230942274,Ability Arena 💥,34076100,8733,76571,All,Action,2026-05-27T15:24:51.668Z,2026-07-16T18:11:41.1824173Z,"Choose your ability and head straight into the arena. Unlock powerful abilities to dominate the arena!
Abilities can be unlocked by fighting other players and gaining hits.

There are currently 24 use",Banjomeni,8663,89227,7443
3627275994,Museum Tycoon⚡,33355663,61,162781,Building,Simulation,2022-06-03T00:18:50.853Z,2026-07-11T15:16:52.206Z,"⚡ Our biggest update ever is here!
💡 Theater of Electricity Exhibit
🧮 Mathematica Exhibit
🔬 Van De Graaff Generator Interactive
🎮 Timeline Minigame

👋Welcome to Museum Tycoon with the Museum of Scienc",Zoomy Studios,62,54450,5775
969351457,Math Obby ✨,33059883,5,294525,Adventure,Obby & Platformer,2018-12-28T04:15:41.17Z,2026-06-12T06:42:12.967Z,"Math Obby is the original adventure game where you test your math and parkour skills! This fun obstacle course includes addition, subtraction, multiplication, division, and equations.

🧠 Solve 60 exci",0bid0,3,58787,17251
10230578056,[🎮] Guess My Game,32952316,5777,48727,All,Party & Casual,2026-05-27T13:56:39.553Z,2026-07-17T14:16:44.046254Z,"Guess your opponent's Roblox Game! 🎮

🔲 Flip tiles to reveal the icon!
🧠 First to guess correctly WINS!

👍 Like for more updates!

Thank you for playing!",Table Tales,5647,17828,2379
9898409899,🏔️[UPD] K2 CLIMBING SIMULATOR,32783274,1517,205579,All,Adventure,2026-03-17T17:43:27.547Z,2026-07-06T22:36:58.779Z,"🏔️ Can you conquer the ""Savage Mountain"", the second highest mountain in the world after Everest, with your friends, or do you dare to do it solo?

❄️ The air is thin, the weather is unforgiving and t",14PEAKS STUDIOS,1522,58892,13779
9948575164,[🌴] Merge Shop,32460245,2218,185100,All,Puzzle,2026-03-27T17:34:21.368Z,2026-07-11T16:54:28.933Z,"Merge food, serve customers, and build your shop!

Characters & music by ValkinLikesChez.

This game is still in development. Remember to leave a like if you enjoyed!",mPhase,2224,105854,4463
4165173888,Earth Core Exploration,32347054,0,660020,All,Adventure,2022-12-07T19:01:01.953Z,2026-07-10T16:10:26.252Z,"Fully Destructible. No Borders. No Air Walls. 🌍

Explore a truly infinite open world, randomly generated and ever-changing.

By mining treasures created by thousands of real artists, you can obtain go",vikboy666,0,31573,7569
10261267004,Storage Hunters: Open World,32030846,23665,159422,All,Simulation,2026-06-02T13:23:51.178Z,2026-07-15T14:01:23.251Z,"💰 Welcome to Storage Hunters Open World 💰

Storage Hunters is an open-world auction adventure where every locker could treasure! Bid on auctions, grab your loot, load up your vehicle, and bring everyt",Absolute Zero!,24445,50733,2762
9039895448,Scary Escape Rooms 🔑,31689799,2109,2113633,All,Puzzle,2025-10-26T18:57:50.27Z,2026-06-24T18:42:58.532Z,"😨Welcome to Scary Escape Rooms😨

🧩Do you want to prove you’re not a scaredy cat? If so Join RIGHT NOW

💀Think fast, stay calm, and escape… before it’s too late.

👍Like and favorite to support new upda",Waterdog Games,2130,44088,6433
5354625397,Mini Cities 2 ,31392607,366,140636,All,Simulation,2023-12-01T22:09:56.64Z,2026-07-16T21:08:28.0621873Z,"Welcome to Mini Cities 2, the ultimate Roblox city builder. 🌆

Start from nothing and progress your way into a mega metropolitan. Keep your citizens happy by building towards their needs. Unlock new b",DestroyerCam Fan Club,372,53647,8209
7411615879,[ICONIC BY MISTAKE] Trend City RP 🎶,31361185,778,39846,All,Action,2025-03-21T15:27:55.567Z,2026-07-17T22:55:13.1322716Z,"🌃 Welcome to Trend City RP
""Where rhythm meets lifestyle""

Step into a vibrant world built for creators, performers, and dreamers.
Explore a lively city filled with neon lights, beach vibes, hidden ca",OofMayy Studios,764,17113,1222
10061124506,Drive A Bus,31330960,2724,83824,All,Obby & Platformer,2026-04-20T12:43:06.482Z,2026-07-13T14:04:13.842Z,"[] Welcome to Drive A Bus! []

Drive your bus through dangerous roads across different worlds! Travel with your friends through the canyon, Jungle, and even Lava worlds while collecting rewards and un",Squished Shark Studios,2653,133353,7406
10187294555,[⛰️] Mine a Mountain,31312177,14226,95231,All,Simulation,2026-05-18T19:49:26.409Z,2026-07-17T16:16:37.7469367Z,"⛰️Climb the mountain⛏️Mine rare crystals!

🥶 Don't freeze, the top is COLD!
💰 Sell crystals for cash!
🎒 Upgrade your warmth, pickaxe & backpack!

🔄 A NEW mountain EVERY HOUR! Don't miss what's coming ",10K Steps,15348,170742,5231
5210011607,Better Anime?,31307190,336,610890,All,Party & Casual,2023-10-20T13:13:22.183Z,2026-07-17T11:17:04.5822392Z,"🎶 Fight for your anime!

🎧 Choose 1 of 2 Anime that are prompted
⚔️ Defend your choice to the death

Game is highly inspired by: Pick A Side & Better Music",CheeseNPizza,344,607896,15777
8237105425,A Broken Dream,30944415,3834,716963,All,Adventure,2025-07-23T14:40:08.01Z,2026-07-07T15:10:34.825Z,"A story game with horror aspects inspired by liminal spaces, dreamcore, and weirdcore. This is NOT a backrooms game.

The dream pills put the user in a guaranteed state of permanent sleep, bound to be",Snap Shot Studios,3859,276217,5983
10209534490,Chicken Farm 🐣,30497233,12289,136746,All,Simulation,2026-05-23T14:00:01.875Z,2026-07-14T11:43:31.318Z,"🐔 Welcome to Chicken Farm! 🥚

🐣 Buy Chickens and start farming!
💵 Convert Eggs into Cash
🔀 Merge Chickens to unlock rarer ones!
🥚 Build the ultimate Chicken Nest!
🌙 Your Chickens keep laying Eggs even",Skandi Studios,12246,414323,4168
7428819247,South London Remastered 😈,30410613,1566,237882,All,Action,2025-03-24T07:29:24.977Z,2026-07-17T20:20:06.6349452Z,"PS5, XBOX, MOBILE, KEYBOARD ALL PLATFORMS SUPPORTED !    🎮
CONSOLE & MOBILE Have Supported AIM ASSIST , Unlike any other game ✅🎮

LEVEL UP Your Character to Access New GUNS , CLOTHING , CARS and other",Money Motivated!,1562,44488,3701
10247797619,Survive 7 Days In Arctic [Alpha],30059361,10294,101061,All,Survival,2026-05-30T21:19:49.604Z,2026-07-09T03:02:39.478Z,"❄️ Stranded in the Arctic.

Build a shelter. Keep your fire burning. Fish for food. Survive the cold.

🚁 Rescue arrives on Day 7. How many days can you survive? 

⚠️ Game is new, so expect a few bugs!",10K Steps,10430,15870,5651
10059548251,[UPD]Samurai DUELS,29744595,5871,91417,All,Action,2026-04-20T02:00:10.124Z,2026-07-17T23:07:28.2863289Z,"👹SAMURAI DUELS

Face off against other players, charge up your swing, and outclass your opponent to win the round

This game is in beta, expect some bugs",Seriously Samurai,5798,113966,6578
8005378926,Catalog Avatar Editor,29384431,2005,821884,All,Shopping,2025-06-26T18:09:37.803Z,2026-05-28T19:09:35.113Z,"Avatar Creator lets you design and customize your dream avatar completely for free.

You can try on millions of catalog items including accessories, hats, limiteds, bundles, clothing, and animations t",Catalog X,1982,5572,1040
3289847355,Tower Creator,29332473,489,39610,Building,Simulation,2022-01-26T12:44:27.747Z,2026-07-17T19:52:41.6630231Z,"Sandbox / Roblox Studio-esque game made for creating colossal platformer towers from a game called EToH, or whatever you want to your hearts content.

Inspired by Obby Creator and Eternal Towers of He",Boring Tower Studio,492,15233,3557
10136067263,[UPD] Get Fat to Break Tape 🍗,29250703,10627,1694521,All,Simulation,2026-05-08T02:31:11.944Z,2026-07-11T21:46:10.824Z,"🍔Welcome to Get Fat to Break Tape🍔
😋Eat food to get fat!
🤰Abigger belly, more weight!
💰Earn cash by breaking the tape!
🍬Buy better food to get bigger and richer


🎉Code:FAT,WORLD2,WORLD3
",big rocket studio,10455,136634,2524
10010371086,[DUO] Invincible Edit Test,28719646,1498,113627,All,Entertainment,2026-04-09T07:57:37.926Z,2026-07-17T15:50:42.0442143Z,"watch a tuff invincible edit of you or your friends
fly around, destroy the map, maybe even go to space!

Join the group for updates and future rewards:
https://www.roblox.com/groups/89229136

if you ",Tuff Edits,1491,43444,1818
4096039463,Attack on Titan: Freedom War,28713601,326,65322,All,Action,2022-11-12T00:15:13.927Z,2026-05-19T23:57:51.92Z,"This is a permadeath multiplayer campaign where soldiers and warriors fight for the control of the founding titan. Dying quickly is a common thing here, only the strong and lucky ones survive.

The ca",DankAlert8686,329,25341,7378
10123898404,[PET] +1 Magic Evolution,28667384,3582,1163469,All,Simulation,2026-05-04T19:54:39.609Z,2026-07-17T22:23:10.6683922Z,"USE CODE ""FIXED"" IN GAME FOR A FREE PET!

🔥 This is +1 Magic Evolution!

✨ Every click gives you Magical Power!
🎯 Train by shooting Training Boulders!
💎 Click to Level Up and Rebirth!
🧟‍♂️ Watch out f",Me & You Studios,3510,277922,3743
7528417535,Divaz 💄,27774082,5260,1042795,All,Action,2025-04-12T16:54:48.66Z,2026-07-14T13:26:01.671Z,"Welcome to Divaz!
The baddest city where you can slay divas, get clout, make money and run the streets!

How to Play:
💸 Earn money by grinding jobs or taking risks
💅 Slay anyone who tries you
✨ Get cl",Divas World!,5292,14342,2955
10352446003,this awesome game,27658850,17627,46566,All,Survival,2026-06-18T20:18:37.601Z,2026-07-17T01:54:44.7935367Z,Follow https://www.roblox.com/users/7012514986/profile (@27th07s) or https://www.roblox.com/users/10980105507/profile (@ch4rmforever) on roblox for game codes! ✉️,kingmanbloodray3,17328,15131,5908
9098253051,FACEPAINTING! UGC CREATOR 🖌️,27588255,439,2032884,All,Shopping,2025-11-04T02:07:07.5Z,2026-07-13T19:14:53.387Z,"🎨 WELCOME TO FACEPAINTING!!!

🖌️ Draw and design your own custom face directly in-game, then upload it straight to Roblox as UGC!

✅ All in-game purchases are added to your Roblox inventory and can be",FACEPAINTING,462,40157,4308
9796898051,Drill to Earth’s Core,26829080,5359,421496,All,Adventure,2026-02-25T19:18:57.353Z,2026-07-17T22:42:43.7876623Z,"Can you Drill to Earth's Core?

Fight monsters, loot dungeons, and upgrade your vehicle.

But as you descend, you may discover there's more to the depths than just rock and monsters...",Game Name.,5333,44444,3363
7794218964,[🏖️] Noob Mayhem!,26719418,2389,204056,All,RPG,2025-05-29T03:23:36.927Z,2026-07-17T01:34:30.1006385Z,"The noobs are causing mayhem! Stop them before they take over Roblox!

You can play on any device. (CONSOLE, PC, MOBILE)
dash = left shift
shift lock = left ctrl
emote = g

[ THIS GAME IS IN ALPHA! EX",Game Thing,2381,58761,2561
9076692567,[GUBBY🐰] UGC Creator 🎨,25541942,379,123231,All,Shopping,2025-11-01T07:33:29.84Z,2026-07-16T20:57:41.6696193Z,"👀 Create your own custom UGC! 👀
We help your UGC dreams come true. 
Join and create custom Faces, Hats, or More! Also browse our Catalog of community-made items!

✨ New UGC added every week!
👍 Like th",Build a UGC,404,36071,6891
5113572498,College Football 🏈,25326875,322,21282,All,Sports & Racing,2023-09-21T17:55:31.82Z,2026-07-17T23:00:46.9633068Z,"🏈 College Football

The successor to Juco Football! Come enhance your football skills and practice with other players. This game is in very early beta.

👍 Leave a like and favorite for more content! 
",[CFB] - College Football,324,8206,1919
97706693,Rocket Tester,25154347,23,240817,Sci-Fi,Simulation,2015-03-05T09:46:23.393Z,2022-12-17T21:10:51.237Z,"Use shift to run.

Welcome to Rocket Tester! Please ask the help character for help.

There are over 50 rockets to launch. You can also build a space station, or a base on the planets and moons of",TriplePattyBurger,20,65863,8622
9297902951,Mulberry County,24687349,1676,362520,All,Adventure,2025-12-04T18:44:54.747Z,2026-07-15T21:24:29.414Z,"The date is 1997. You and your family live on a farm in rural Mulberry County where strange and paranormal events have been taking place. The state has issued an 8:00 p.m. curfew for all residents.

D",Jackool Studios,1710,138572,19305
9035240873,Prove You Are Not a Dum-Dum,24567338,863,656657,All,Puzzle,2025-10-26T07:46:32.427Z,2026-06-16T14:13:54.204Z,"Think you’re smart🧠? Show it.

Currently: 120 Rooms
Can you collect every collectible? 🐀✨

If you enjoy the game, don’t forget to Like and Favorite — it helps a lot.
Good luck! 🍀

----------
🛠️MAJOR B",iSeenHorses,804,20501,7150
9965411707,[UPD 2🌵] Noob Incremental,24495440,10116,64528,All,Simulation,2026-03-30T20:41:02.42Z,2026-07-17T08:46:47.2610845Z,"Welcome to Noob Incremental! A massive Incremental game with hundreds of Upgrades, dozens of Stats, multiple Prestige layers, and many Features to explore! ✨

How to play:
🤓 Buy Noobs and make Oof!
⚡ ",Ghoulax Games,10115,60864,2324
9280810829,[24H] Loot Up!,24478276,2374,72198,All,RPG,2025-12-01T16:24:28.3Z,2026-07-17T14:31:03.0399936Z,"🌟 Welcome to Loot Up! 🌟

Join the community server and group for free rewards!

How to play?
• Slay enemies! ⚔️
• Collect loot! 💎
• Upgrade your gear! ⬆️
• Enchant your weapons! ✨

🔔 Follow & Like for",Humbling Games,2349,63709,3334
1359439564,[FLOWERY🌻] Undertale RP: Eternal Souls,24418915,261,144310,RPG,RPG,2019-10-12T21:37:24.95Z,2026-07-17T13:50:18.6292757Z,"Step into a world shaped by souls, where magic lingers and every path holds a new story. Harness powerful soul abilities, explore vast lands across the overworld and underground, and journey through d",Eternal Souls Haven,258,33586,8306
10276281921,[SQUID GAMES!] Chameleon,24185299,29660,98111,All,Party & Casual,2026-06-05T17:27:50.1Z,2026-07-17T21:46:24.0222436Z,"🎨 CHAMELEON

Blend in. Paint yourself. Trick the seekers.

Chameleon is a hide and seek painting game inspired by Meccha Chameleon, where hiders use colors, brushes, and smart camouflage to survive wh",Blumea Productions: North,29608,14090,4404
10321202755,[📱QOL] Anime Fighting Simulator,24147348,16065,318337,All,Simulation,2026-06-13T17:13:16.808Z,2026-07-16T00:47:59.833Z,"⭐ Use Code ""UPD4RELEASE"" for FREE rewards!

⚔️ Welcome to Anime Fighting Simulator! Train your stats, unlock powerful anime abilities, and become the strongest fighter!

💪 Train your power!
🔥 Unlock p",Anime Fighting Simulator | BZ,16063,124723,1571
5803093656,Blue Heater 2 [FISH FUNLAND🎣],23390987,692,414463,All,RPG,2024-03-27T15:36:10.41Z,2026-07-02T00:34:09.989Z,"Dive into the action-packed world, where every battle tests your skills, strategy, and courage! 

⚔️ Explore a vast, immersive RPG world filled with dangerous foes, hidden treasures, and epic quests.
",Frank Development,709,531862,8560
5812546130,"[YACHT] West Coast, Florida",23350717,671,60571,All,Simulation,2024-03-29T21:06:47.493Z,2026-07-16T19:02:29.2190687Z,"🌴 Welcome to West Coast, Florida! 🌴 

📌 West Coast, Florida is based in a small town off the coast of Florida, with tons of RP! Drive boats, supercars, work at the local bait shop, or head out early i",PolyCore Games,673,20893,5401
8342498724,[🩸UPD] Heavyweight Fishing,23236877,1680,56578,All,Simulation,2025-08-04T03:34:11.423Z,2026-07-17T07:24:51.2602048Z,"
🎣 Heavyweight Fishing is inspired by “Câu cá vạn cân”, letting players experience the thrill of fishing massive fishes, even more massive bosses, and exploring mysterious islands

👥 Development Team:",Unknown Journey,1659,42491,1720
7015341259,TOUCHLINE (Soccer/Football),22998648,3777,17682,All,Sports & Racing,2025-01-01T08:10:26.867Z,2026-07-17T22:26:18.2593901Z,"NEXT CODE AT 15K LIKES

This is a competitive soccer / football game with simple mechanics. No assets were taken from any other experience or developer without consent or permission.",TOUCHLINE,3791,10799,2240
9290633310,Strike Back [⚡S5],22925397,795,1279967,All,Shooter,2025-12-03T11:36:58.76Z,2026-07-17T09:56:54.4567738Z,"🎉Welcome to Strike Back!
⛷️07/17UPD:
Season 5 Has Arrived!
Daily quest rewards & shop items adjusted.
This season will feature major optimizations to Ranked and Duel modes.
New Weapon Arriving: Photon",Strike Squad,721,19305,1184
9751740164,+1 Jump Keyboard Escape,22902000,551,109387,All,Simulation,2026-02-18T13:51:43.85Z,2026-07-17T19:13:53.1816455Z,"🎀 Join the Clicky Experiences group to unlock FREE gift in-game!

🦘 Welcome to 1 Jump Keyboard Escape! 🦘

⚡ Every jump = +1 Jump
🤸🏻 Run, jump, and escape across a world made of customizable keys
💪 Tra",Clicky Experiences,565,261151,3552
9871049410,Connect the Words 💬,22653789,380,35952,All,Puzzle,2026-03-12T12:53:45.45Z,2026-06-09T17:30:36.362Z,"🌟 Welcome to Connect the Words

⚔️ Duel your friends and Connect the Words!

👤 The first player says a word.
🫂 The next player must continue with a new word starting from the last letter of the previo",67 MiniGames,368,22644,4579
4260784961,Napoleonic Wars,22264217,930,72644,Military,Action,2023-01-06T11:29:07.447Z,2026-07-16T18:06:21.4814582Z,"🌿 The Napoleonic Wars is a game community which depicts the battles of the era 1804-1815. 🌿 

In the year 1804 Napoleon, one of the greatest Generals of all time, is proclaimed Emperor of the French a",NapoIeonic Wars,883,26724,4789
6619936488,San Aurie,21817848,3507,81704,All,Roleplay & Avatar Sim,2024-09-30T15:33:44.853Z,2026-06-28T02:16:30.392Z,"San Aurie is an open-world roleplay simulator that mixes emergency services, criminal, and civilian life.

👮 Catch criminals and respond to emergencies.
🏁 Race players, play mini golf, or hit the arca",Southstar Studios,3467,27175,3677
5988568657,Care Bears: Caring Quest,21315554,52,271314,Adventure,Party & Casual,2024-05-15T00:47:15.587Z,2026-04-13T23:42:16.746Z,"[NEW! - TEAM BATTLE MODE]
💥 Team up and compete in an action-packed battle!
✨ Steal the Seed of Caring and hold onto it to drain your team’s timer first!
🌈 Use powerful items to boost your team or slo",Care Bears x Exclusible,55,17143,2243
10098095975,[💪] +1 Strength Per Click,21193202,6236,737415,All,Simulation,2026-04-29T08:36:53.657Z,2026-07-17T21:29:04.4977269Z,"💪 Welcome to +1 Strength Per Click!

🦾 Click to gain Strength and become stronger!
🏋️‍♂️ Train in the training zones to push your limits
🧱 Break walls to earn Wins and unlock new stages
🏆 Compete and ",Incrementally Games,6233,125751,1426
10090256806,TTK Testing [NEW MAP],21163425,1280,342536,All,Shooter,2026-04-27T03:09:10.77Z,2026-07-17T22:26:42.2131464Z,"Coming up in v0.06: teams, spectating, modes, launchers, gunplay improvements.
<<UPDATE RECENTLY SLIGHTLY DELAYED. This is our biggest one yet, it will be worth it>>

Want better visibility through op",Sable Digital,1260,113808,8644
5042430067,Build a Rocket VS Mark Rober,20925162,51,110329,Adventure,Simulation,2023-08-29T21:32:41.487Z,2024-09-04T21:16:57.293Z,"🚀🚀 1 LIKE = 1 Acorn for Phat Gus 🚀🚀

🔥 More FREE LIMITED UGC at 75,000 LIKES! 🔥

🏗️ Use Your Engineering Skills to Construct Epic Rocket Ships!
🤝 Build Wacky Rockets with Your Friends at CrunchLabs!
🚀",CrunchLabs,60,98631,10322
4750561026,Cold War [CONSOLES/1PP ONLY],20660336,1515,116037,Military,Shooter,2023-06-08T10:28:14.25Z,2026-07-17T22:03:09.0840001Z,"A large-scale 80 player shooter set in the cold war era, engage in semi-realistic battles for fully destructible environments, use realistic loadouts with unique weapons and features for each of them.",Grip Studios,1510,43547,12185
839922895,Project Stardust,20539775,169,175729,Sci-Fi,Action,2018-09-23T18:07:01.76Z,2026-07-17T20:24:24.8322868Z,"Welcome to Project Stardust, one of the most unique Space Combat games on Roblox! Here you can control massive spaceships from several different franchises, including Star Wars, Halo, and Space Battle",Military Flight Simulator Community,173,51532,7220
2339944792,Lurking Giants [VERITY],20138974,6121,129920,All,Survival,2021-01-31T22:34:43.69Z,2026-07-16T04:16:15.632Z,"There is something that lurks in the TV.

[THIS GAME IS GETTING A MASSIVE REWORK AND NEW MECHANICS, EXPECT NEW MINOR BUGS!!!]

VR and Controller support soon.

Remember to report exploiters in the com",ULTRA works,5882,25833,4259
3934229151,Welcome to TechQuest by Computer History Museum,20016491,43,27268,All,Adventure,2022-09-13T20:29:00.02Z,2023-07-20T19:48:05.17Z,"🧰 Grab your tech toolbox and journey across colorful biomes on an exciting adventure of discovery and knowledge!

🏝 Explore a tropical rainforest jungle river searching  for elusive pink dolphins by",CHM Development,41,6391,1488
5655148138,Russian Town Damirovsk,19873581,149,38854,Town and City,Entertainment,2024-02-17T15:12:17.817Z,2026-05-22T15:45:17.48Z,"A typical russian town. Remake of my old game ""Русский Город"".",R0blok1r,173,10061,715
1801716281,Futuretops: Rework,19795873,130,26001,All,Shooter,2020-06-12T03:58:47.07Z,2026-06-29T08:08:04.34Z,"This is a Test place for future updates
There are a lot of things to add

Built for Clanning, Armys, Star Wars, Chicago 1949/Remastered, Prison Life, The Streets, Anarchy, Da Hood, RIVALS, Arsenal, We",AFK Studios,113,12622,3533
9330616906,😁BE A FISH BAIT!🐟[UPD FOMO - BUGS FIXED],19677066,23338,817407,All,Simulation,2025-12-10T06:35:46.047Z,2026-07-17T19:35:54.7676516Z,"🎁 CODES: SRYFORDELAY, 4000LIKES
Don't get that Fear of Missing Out (FOMO), it's time to pull up to the FOMO Island and party your way!

19M Visits is a huge milestone - this calls for a party to celeb",VoidDeckStudios,23320,56121,2299
7475934039,[W11] 💎 Dig 1 Million Blocks,19256209,126,99725,All,Simulation,2025-04-02T10:28:24.21Z,2026-04-03T07:22:04.283Z,"🔥 11 WORLDS!
Use code SOMANYSPINS

💎 Can you dig 1 MILLION BLOCKS!? 💎 

💰 Mine LOTS of blocks!
💎 Uncover OP ores and treasure!
💸 Upgrade your shovel to dig deeper!
🐶 Hatch eggs to build a team of powe",Simple Bricks Dig,127,304303,4297
2817076516,Type Race!,18745858,2,129921,Sports,Party & Casual,2021-08-10T10:58:43.06Z,2025-10-06T04:20:03.407Z,"🏁 Type Race is a multiplayer game where you have to type out sentences as fast as you can, go against friends, strangers, or even try and beat your own high scores

⭐ Please consider liking and favo",haz3mn,2,47316,12195
10299611114,Scale Slimy Fish[🎟️New Season],18352235,7359,196087,All,Simulation,2026-06-10T08:04:50.815Z,2026-07-17T10:31:22.6235615Z,"Welcome to Scale Slimy Fish!

🎣 Catch slimy fish!
🔪 Scrape off their scales!
🐾 Feed hungry animals!
💰 Earn cash and upgrade your tools!

Use better fishing rods and sharper knives to catch bigger fish",Scale the Deeps,7332,177460,3641
6457637847,[ACADEMY] Inazuma Strikers,17372184,298,27459,All,Sports & Racing,2024-08-23T14:12:27.193Z,2026-07-17T21:42:32.2108458Z,"Inazuma Strikers is a football RPG experience inspired by the legendary anime Inazuma Eleven.

🔥 Train your player, level up, improve your stats, unlock powerful Hissatsu Techniques, and compete again",N9NTY Studio,282,23406,1210
10230860661,[UPD] Librarian: Tidy Up Roblox Library,17122201,843,184122,All,Puzzle,2026-05-27T15:03:33.888Z,2026-07-11T17:55:27.761Z,"Update: GAME NOW SAVES
Controls:

E - Interact
F - Drop
Click - Place
Mobile Buttons Functioning

A magical mishap has turned the Grand Roblox Library into complete chaos! Thousands of books have been",Librarian Puzzles,838,54367,11391
2387000728,[2XP] Facility Roleplay,16891192,111,94499,RPG,Roleplay & Avatar Sim,2021-02-19T15:11:24.753Z,2026-07-17T20:07:37.5346861Z,"12 Deadly Virus Strains. 8 Teams. 1 Facility. 

PICK YOUR TEAM:

🛡️ CENTUM SECURITY - lock it down, hold the line
🧪 HEALTH & RESEARCH - experiment on Subjects, save humankind with cures
☣️ BIOHAZARD C",Facility Roleplay [ConX Studios],119,36575,7597
2131410080,Lake Ozark,16674049,62,62883,All,Simulation,2020-11-09T06:52:42.497Z,2026-07-14T21:22:02.65Z,"Boat around and earn credits to buy more expensive boats!
Please note that you MAY get lag spikes while the game is loading!

Current Features:
 - Ferry job!
 - Minimap
 - Marina spawner
 - Five marin",Ozark Development Team,69,15761,3523
7113705633,[💜BETA Release💜] MonsterVerze,16623680,391,393164,All,Roleplay & Avatar Sim,2025-01-19T19:57:03.22Z,2026-07-16T16:31:10.5082175Z,"💜Welcome to MonsterVerze💜

Where your second life... is your afterlife.

Enter a world where the dead serve way more than the living! Style yourself hauntingly, created wholesome friendships, remember",PlayGirldom,393,338803,7211
5283170248,better discovery,16336578,72,338408,All,Entertainment,2023-11-10T20:49:04.62Z,2026-07-13T22:25:38.829Z,"a community based roblox game for finding other cool roblox games using ratings, reviews and genre tags

inspired by obscure game finder",Mariage Sorcière,57,131997,2405
6938969105,Where Am I? 🗺️ [Alpha],16155766,79,42213,All,Party & Casual,2024-12-19T00:41:15.16Z,2026-04-06T22:25:49.58Z,"🎮 How to Play > Look around and Guess Your Location on the Map!

Welcome to Where am I? The Ultimate Geography Game on Roblox!

Think you know the world? Prove it! Use visual clues to pinpoint where y",CULTURE-SHOCK,68,5323,2148
9899322847,Clash's Glitch Per Difficulty Chart Obby,16040703,1493,50142,All,Obby & Platformer,2026-03-17T22:48:05.101Z,2026-07-17T01:18:21.313674Z,"Welcome to Clash’s Glitch Per Difficulty Chart Obby! 👋

Take on 100 unique stages that gradually increase in difficulty as you progress. What starts off simple quickly becomes a real challenge. Do you",Clash's Obbies,1467,87597,10465
8581899016,Find The Secret Base! 👀,15865657,827,1002058,All,Puzzle,2025-08-29T21:36:41.223Z,2026-07-13T07:32:18.431Z,"Welcome To Find The Secret Base! 👋

Can you find all the secret bases? 🤔

In this game you can show off your secret base finding skills 💪

LIKE the game and join the GROUP for OP REWARDS! 🎁",Secret Base Community,801,37506,3814
7321712757,[2X XP] Toons Universe,15625731,2516,85208,All,Survival,2025-03-03T01:10:11.947Z,2026-07-17T20:23:47.9083042Z,"TW⚠️: Epilepsy

── ⋆⋅⋅⋆ ──
Welcome to INNOVA. The main goal here is to build the future we were all once promised. ☀️
You are a character built within one of the world's most famous multi-sectored bio",Toon Shenanigans,2501,39291,2129
6996253752,Central Streets,15193199,595,108736,All,Action,2024-12-29T01:25:04.687Z,2026-07-15T00:32:08.585Z,"💵 WELCOME TO CENTRAL STREETS 💵

An immersive open-world roleplay experience with frequent updates.

✨ FEATURES ✨

📱 ProPads
🎒 Backpacks
🚗 Vehicle Building
🚘 Vehicle Customization
📸 Live Cameras
🌱 Farm",Central Productions (RP),596,45779,2018
5215846239,[ PASSIVE SKILLS ] Freestyle Football,14836980,413,29939,Sports,Sports & Racing,2023-10-21T21:50:19.677Z,2026-06-16T22:09:03.945Z,"Freestyle Football is available on all platforms. (PC, Console, and Mobile)

Controls can be found in-game through the ? menu on the left of the screen.

2x coins every weekend including Friday

Thank",Promise Development,435,11869,3189
10352185757,Experience Abstraction,14670689,17682,112186,All,Social,2026-06-18T19:02:44.61Z,2026-07-17T22:30:58.3945328Z,"Experience Abstraction in a Roblox game inspired by the hit web series The Amazing Digital Circus.

💡Ways to Abstract:
- Isolate yourself from other players
- Stay in the dark for a long time
- Hang o",Pawlo's Studio,17556,32440,3036
9989800685,Watch Satisfying Videos,14639385,774,1309141,All,Entertainment,2026-04-04T16:53:50.904Z,2026-06-26T19:16:22.578Z,"🎬✨ Welcome to Watch Satisfying Videos! ✨🎬

Sit back, relax, and enjoy endless satisfying videos! 🍿😄
Choose from a huge mix of fun clips, colorful animations, oddly satisfying moments, slime videos, AS",ASMR Watch,726,24754,2216
8662820852,⭐Star Fishing🎣,14546543,132,113594,All,Simulation,2025-09-07T23:16:14.157Z,2026-07-14T22:24:58.647Z,"🚀 READY TO FISH THE STARS? 
😎 Chill fishing in deep space ✨
🤯 Get SUPER RARE stars and galaxies

Upgrade your rods and explore different galaxies around the map. Cast your line into space to catch sta",Star Fishing,130,310498,3225
10254680421,[UPD] Soccer Stars 26,14332582,2896,221708,All,Sports & Racing,2026-06-01T03:25:23.653Z,2026-07-17T16:44:22.0403794Z,"If you read this, you should join immediately.
Welcome to Soccer Stars 26!

💬 Join our Discord to keep up with every update, claim free Cash codes, and play with the community!

CONTROLS (PC):
Hold F ",picon studio,2851,3490,992
1217298587,Click the Flag 🌍,13847530,57,57514,All,Party & Casual,2019-07-03T14:23:09.35Z,2026-05-06T17:03:47.186Z,"🌍 Click the Flag is a fun flag-guessing game where you can learn all the world's country flags!

🔥 There are 771 unique flags in the game, see if your country's subdivisions are included!

Play with d",a_mb0385,56,14953,5486
9372077571,Street Beats 💿,13653359,267,63527,All,Entertainment,2025-12-17T13:20:50.333Z,2026-07-07T04:44:19.772Z,"🎧 Start as a small beat maker and build your music empire!

📦 Claim your own booth
💿 Make beats using samples
🏷️ Sell your music or show it off to other players
👀 Get discovered
🔓 Unlock more samples,",Unsigned Games,266,32815,2054
10249209189,Missiles vs Cities,13024220,12811,89811,All,Simulation,2026-05-31T03:48:44.09Z,2026-07-17T17:06:55.7490167Z,"Build up and Upgrade your city
Arm yourself with the best missiles
Blow up others buildings for cash & rewards",veedio gaems,12948,247343,3946
4165264097, Reign Fall,12984297,1849,260086,FPS,Shooter,2022-12-07T19:59:42.097Z,2026-07-12T18:27:22.293Z,"Reign Fall is a chaotic zombie co-op shooter where up to 4 players fight through hordes of infected to save Kovrovka

CUSTOM SERVERS
Go to ""Play"" > Click ""Server List"" > Create Custom Server

FEATURES",Vojtech Gaming,1811,42317,3510
7709793220,ESCAPE ROOM - Deluxe Edition,12655190,771,185974,All,Puzzle,2025-05-16T03:07:22.997Z,2026-07-17T21:59:59.9322948Z,"Get ready for a thrilling challenge!
You’ve been locked inside a series of mysterious rooms and have only 60 minutes to escape. Use your logic, creativity, and teamwork to solve puzzles and uncover hi",EscapeLovers,766,10455,2179
5497606909,🦅 Call of Mini™ Zombies 2 [BETA],12020249,46,109041,All,Shooter,2024-01-06T23:48:02.473Z,2026-07-17T09:15:35.2993561Z,"Version: v0.4.21 (Beta) - Currently in Early Access Beta Testing. FREE to play launch soon!

🎁 EARLY ACCESS: You receive an EXCLUSIVE JoeBlo Skin for purchasing BETA 💸 (Rejoin to claim)

⚠️ A man-made",Call of Bloxia Productions,47,18191,1314
7104927007,Sprunki Roleplay,11859236,166,12935,All,Roleplay & Avatar Sim,2025-01-18T11:50:15.413Z,2026-05-30T02:31:08.67Z,wenda was here,Purrzslop,158,3012,461
4380922749,The Trolley Game,11657316,2,100834,All,Party & Casual,2023-02-11T22:04:32.197Z,2026-06-07T21:09:50.799Z,"Welcome to The Trolley Game.
❗ You will be given different ethical scenarios, but with a twist. What decision will you make?

💖 Be sure to like the game <3
⭐ Game Inspired By and Maps Based On Absurd ",Koobillion Games,5,52616,5477
10195997258,[🐈] Pull a Lucky Fish,11539483,7667,45644,All,Simulation,2026-05-20T18:54:53.252Z,2026-07-17T11:58:59.1813036Z,"🐟 Cast your rod & reel in a rare fish!
🦈 Escape the shark trying to steal your fish!
🏝️ Place your caught fish on your island to earn money!
💪 Buy better rods and train your fishing skills to cast fur",Openwater Games,7678,29708,1458
10205485380,Penalty Kicks!,11342480,5029,18488,All,Party & Casual,2026-05-22T21:16:36.682Z,2026-07-17T23:03:16.8148154Z,"Welcome to Penalty Kicks!

⚽ Duel your opponents, penalty kicks, first to 5!
🎯 KICKER: Shoot the ball on unpredictable spots to score!
🥅 GOALIE: Predict where the opponent places the shot to defend!
🏆",Casual Party Games,4894,16715,2046
10421033356,[CATS!] Pack an Order!📦,11227075,5403,96786,All,Simulation,2026-06-30T10:52:47.494Z,2026-07-16T22:30:39.0098103Z,"🚚 Business is booming and your store has been flooded with customer orders! Work together to find toys on the shelves, pack every box correctly, and load the delivery trucks!

🏆 Beat the clock, earn c",lost to pc to game,5414,11714,3021
7350402084,🔨RO-Scale Sandbox🔨,11151823,734,19352,All,Simulation,2025-03-09T00:08:42.713Z,2026-07-04T22:35:06.735Z,"[Originally created January 25, 2020]

Welcome to RO-Scale Sandbox! A game where you can build your very own miniature railroad and operate your own trains! There are a variety of trains to operate fr",Rock Fort Lines,743,7324,1113
3219540889,[🚗] Maple County,10913639,67,117767,Town and City,Roleplay & Avatar Sim,2021-12-31T19:27:03.323Z,2026-07-15T03:56:46.165Z,"An immersive experience within the modern day time period. A beautiful mountainous island jam packed full of crime, jobs, and city life.

In Maple County, your choices are limitless! Become a Police O",Central Roleplay | Community,63,28709,2905
9995762766,[🎯] 5v5 Aim Trainer,10831609,721,11044,All,Action,2026-04-05T17:45:56.575Z,2026-06-13T03:06:25.998Z,"[🎯] 5v5 Aim Trainer

🔫 Practice your aim, reaction speed, and accuracy with throwing weapons.

🔥 Improve your flick shots, tracking, and precision to land more consistent hits.

🎮 Perfect for warming ",Building Boats,745,3129,991
6252201542,[🎶] BeatMerger (CREATE YOUR OWN SONGS),10830612,48,100380,All,Entertainment,2024-07-12T01:58:51.34Z,2026-07-08T06:08:47.088Z,"BeatMerger is the first fully-functioning music maker (DAW) on Roblox, where players can design their own music and share it with others!

🎵 Over 200 unique instruments and drum sounds for free!
🔊 Vol",NsFlashcrafter1,57,13850,3685
2938948258,Piano Music Sheet Practice,10821862,222,48064,All,Entertainment,2021-09-25T20:20:31.493Z,2026-06-22T15:10:42.334Z,"Practice playing pieces on your digital keyboard as each note highlights and waits for input.

Tags: virtual piano, piano, keyboard, midi, qwerty, music, note, song, musical",Music Sheet Practice,228,11752,1123
8566090843,The House RP 🌴,10631210,277,15291,All,Roleplay & Avatar Sim,2025-08-28T01:13:32.683Z,2026-07-15T17:29:53.686Z,"Roleplay in the house, use fun tools, emote, explore the map, and much more!

VC and Camera Compatible 

Commands:
korblox & headless

Like + Favorite for more updates",The House (Original),278,4577,1248
8824087733,RF Fan Leagues,10524494,329,5987,All,Sports & Racing,2025-09-28T13:46:40.78Z,2026-07-12T18:08:40.168Z,"🏃 This is the place to carry your skills onto professional pitches, tense, rivalled, and competitive! ⚡️

 ✨ This is a enhanced version of Real Futbol for more competitive moment and gameplay, aimed 🎯",Real Sports Interactive,310,3233,414
1170436920,Practice Lobby of Hell,10337438,101,25642,All,Obby & Platformer,2019-05-31T15:29:49.873Z,2026-07-14T20:33:09.565Z,"Practice the trauma inducing towers in Eternal Towers of Hell, ranging all the way from ""intense"" to ""catastrophic"" difficulty!
(https://www.roblox.com/games/8562822414/Eternal-Towers-of-Hell)

AS OF ",ETERNITγ,111,9194,1173
6489437351,(UPDATE) Realistic Farming Experience 2,10275191,93,15516,All,Simulation,2024-08-30T16:01:46.73Z,2026-07-16T08:02:34.265Z,"👍⭐Like and join the group to obtain a tractor! 👍⭐

🌱 Step into one of the most authentic farming worlds on Roblox. Build your farm, operate real-life agricultural machines, and experience modern farmi",Realistic Farming Experience,89,2805,723
10188079941,Monkey Soccer,10118232,1757,18328,All,Sports & Racing,2026-05-19T00:53:41.939Z,2026-07-10T17:57:07.509Z,"⚽🐵 MONKEY SOCCER

Grab the ball, juke defenders, and score insane goals!

🔥 Fast-paced monkey soccer
⚽ Dribble, pass, shoot, and score
🏃 Climb walls and make crazy plays
💥 Tackle opponents and steal t",Goody Foody,1802,23509,2432
7002376067,[COLLARS] Eternal Enemies,10112229,493,26459,All,Roleplay & Avatar Sim,2024-12-30T02:33:41.647Z,2026-07-16T06:01:03.623Z,"This game is in alpha and is actively being updated!

In the Savuti region of Botswana, two apex predators are constantly at war: lions and spotted hyenas. Herds of blue wildebeests, greater kudu, gir",DOCTOR_HYENA,501,8011,2464
10441199872,Find and Mark!,10081145,16346,16059,All,Party & Casual,2026-07-03T21:20:58.755Z,2026-07-17T23:17:27.3132387Z,"You or your Opponent chooses a number! 🤔
⚠️ While one finds a number, the other Marks their page with X's
⚠️ Switch turns once the number has been found!
💀 Fill up your page before your Opponent or LO",Blue Capybara Studios,15916,2722,629
3816045610,Stitch Obby,10025159,219,1394734,Adventure,Obby & Platformer,2022-08-05T01:41:26.283Z,2026-07-12T18:21:24.113Z,"🌟 Discover 125 Stages!

✨ Don't forget to hit the Like, Favorite, and Follow buttons to show your support for the game!

🌊 Are you ready to test your parkour skills in an exciting challenge? Welcome t",Obby' Company,219,2185,480
9300358822,AVATAR FREE 👕,10014127,118,1425914,All,Shopping,2025-12-05T07:32:49.303Z,2026-07-09T09:20:15.701Z,"FREE ITEMS CLOTHES in Roblox are an essential part of the virtual world of Roblox, allowing players to easily customize their avatars without spending Robux. With several ways to acquire and create fr",siben,107,3075,749
5048990623,Steal TIME for SWORDS,10009036,225,28549,Fighting,Action,2023-08-31T23:21:07.127Z,2026-07-17T14:32:46.6873457Z,"Sword fighting game where time is the currency allowing you to unlock extremely rare swords!

[HOW TO PLAY]
⚔️ | This game is a skill-based sword fighting experience!
⏰ | Exit the safe zone to earn ti",ICEEDX,247,14228,2562
7174384534,🎵 Choose A Song 🎵,9900791,918,36480,All,Entertainment,2025-01-31T16:42:18.557Z,2026-07-17T07:33:37.7728895Z,"🎶 Welcome To Choose A Song! 🎶

🔥 Join The Ultimate Music Showdown! 🔥

⚔️ Battle Against Other Players To Decide Which Song Is Better ⚔️",Epic MP Team,926,31950,2066
9219838330,[BLOXPURGISNACHT II] Project Mirror Labyrinth,9859937,814,34143,All,RPG,2025-11-22T06:54:04.083Z,2026-07-15T21:15:32.943Z,"Use code 'Welcome' for some FREE Reflections!
Remember to leave a LIKE and join the Group for more updates and codes!

NO CONTROLLER SUPPORT

To start a dungeon, press [TAB] and then Play, or interact",Project Mirror Labyrinth,836,96616,2598
10364032743,this is krakeruzz!,9838703,7976,16770,All,Survival,2026-06-20T17:08:55.616Z,2026-07-17T01:52:19.7369034Z,Follow https://www.roblox.com/users/7012514986/profile (@27th07s) or https://www.roblox.com/users/10980105507/profile (@ch4rmforever) on roblox for game codes! ✉️,Voltoz97,7897,4521,958
537069295,Lua Learning,9725385,5,305525,All,Education,2018-01-15T17:55:52.233Z,2026-06-19T05:36:01.459Z,"🚀💻Your coding adventure begins here!

🌟 Accessible to everyone.
🎓 Interactive lessons, quests, and tutorials.
🤝 Community-driven.
👨‍🏫 Private servers for classroom use.
🏆 Bloxy Award winner for ""Most ",Torpedo Software LLC,3,138109,9539
5315312115,[RP] Pine Ridge,9697116,452,88528,All,Roleplay & Avatar Sim,2023-11-19T19:22:22.06Z,2026-07-17T22:50:12.9340507Z,"Pine Ridge is a cozy small town that's nestled in some frigid forgotten part of the U.S. A single stretch of road connects everyone together, and the gloomy weather greets all types of characters; vis",Trite Roleplay,448,14188,2135
10310563053,Keyboard Wars,9685814,7131,15330,All,Party & Casual,2026-06-12T04:40:32.293Z,2026-07-06T16:57:06.961Z,"Cut players off to claim their keys! 😈

Enclose areas to grow your territory! 🚩
Collect letters to complete words! ✏️
Unlock new keys and sounds! 🎁

If you're having fun, don't forget to like the game",Slime Time Studios,7116,15872,5252
10356701370,Build a Base and Steal😈,9604822,14821,73350,All,Simulation,2026-06-19T14:12:15.853Z,2026-07-17T15:55:15.0145485Z,"Welcome to BUILD A BASE AND STEAL!

💸 YOU EARN MONEY EVEN WHILE YOU'RE AWAY!💸

🎲 Roll for rare pets
🔨 Build to protect them
💥 Use gear to destroy and enter other players bases
🏃Steal pets and prevent ",replayable fun games,14890,55777,2867
9788139379,BreakDoor,9586298,5313,34505,All,Survival,2026-02-24T07:31:46.167Z,2026-07-17T16:52:05.3790362Z,"👻 GHOST — 8 Humans vs 2 Demons ⚔️
🏠 The night has fallen... and 2 Demons are hunting. 8 Humans must barricade up, build their economy, and SURVIVE 20 minutes! 🕛
💰 Stack your cash machines and gear fac",GhostTribe,5250,21023,3621
1147796911,Water Park World [Beta],9231858,53,254631,Building,Simulation,2019-05-14T16:32:34.063Z,2026-05-03T11:28:13.625Z,"Water Park World is a tycoon game in which you build and manage your own water park (or waterpark)! Choose from hundreds of items, build and ride the craziest slides and work in your park, and hire st",Den_S,51,50937,2900
324740367,Entry Point: Freelancer's Cut,9166739,82,36753,All,Shooter,2017-04-16T05:14:33.1Z,2026-07-16T12:57:11.3123915Z,"The Freelancer's Cut is open for early access. Currently, five of the eight mission remakes are available in game, along with several community created levels.

This is a niche game with a lot of comp",Cishshato,88,10576,226
10332579362,Auto Wallhop Tower But Hard!🔄,9151267,4752,11960,All,Obby & Platformer,2026-06-15T10:50:19.609Z,2026-07-17T17:05:31.7289072Z,"Welcome to Auto Wallhop Tower But Hard! 🎮
✨ Auto-wallhop enabled!
🏰 Beat the tower to get the Speed Aura
👍 Please like and favorite for more updates! ⭐
 Enjoy the game!",HARUKON_0221,4621,4013,1645
10320185905,TRADE or Keep,8932440,3188,9603,All,Party & Casual,2026-06-13T14:19:15.548Z,2026-07-15T00:41:08.775Z,"Welcome to TRADE or Keep
Will you TRADE your squishy dumpling? Or KEEP it for yourself? 

[✅] How to Play:

🥟 Both players are given 1 squishy dumpling 
😈 Bluffer chooses to LIE or tell the TRUTH abou",Trade or Keep SQUISHIES,3271,3689,1493
10031505426,FPS🔥AirDrop Arena [S2]🔥,8921941,3043,166418,All,Shooter,2026-04-13T10:32:02.898Z,2026-07-17T18:21:43.3580563Z,"🔥 FPS Shooter |AirDrop Arena 

👍 NEW CODE AT 50000 LIKES! (Like the game for FREE CASH 💰)

✈Skydive into the map, land anywhere you want!

🔫You can get any weapon for free！

🤺ash with rivals, wipe out",Havoc Warfare,3106,38374,1876
2308115211,StockRise: Stock Simulator,8899408,4,89046,All,Simulation,2021-01-19T01:15:04.483Z,2026-05-05T02:09:43.202Z,"💰 PiP World Presents StockRise!

Take control of your portfolio and learn how to make money by investing in the stock market. Trade cryptocurrencies at their real-time prices. Trade on our trading flo",StockRise,5,24417,7277
3616579578,Zoo Tropica 🦓 ,8898611,20,16108,Adventure,Simulation,2022-05-29T12:37:57.933Z,2026-04-03T17:50:09.547Z,"Welcome to Zoo Tropica. Here you can discover and learn from many species of animals. Be the zoo keeper and take care of the animals so you keep unlocking animals.

Credits: Kevini44, DRAKE, bummelg",- Simulation Games -,18,6989,1455
9629446733,Borders RTS [v2.0],8498158,550,41204,All,Strategy,2026-01-26T20:44:57.967Z,2026-06-23T18:54:31.288Z,"Conquer the world in the ultimate real-time strategy war game. Choose your country, build your nation, raise massive armies, and dominate every rival on the map.

🗺️ 7 real-world maps: Europe, Asia, A",Borders RTS,549,9991,3664
9585346472,[UPD 1] Night At The Infirmary (Anomaly),8442330,7912,132941,All,Survival,2026-01-18T19:33:03.687Z,2026-07-17T22:48:48.8371289Z,"🌙 You’ve been hired for the night shift.

Welcome to the Infirmary.

Patients will arrive throughout the night.
Examine them carefully, some may not be what they seem...

⚠️ Flashing lights and jumpsc",A.D. Games,7717,11499,1293
10061511956,⚽[ARCHETYPE] Seishun: School Life Roleplay,8225502,1616,42791,All,Roleplay & Avatar Sim,2026-04-20T14:44:51.248Z,2026-07-17T18:22:44.2803396Z,"👍 FREE ARCHETYPE at 25k Likes!

🚨 REPORTS: If you experience any rule-breaking behavior, report it to Roblox, and to our mods by opening a ticket on our linked social server. Our typical response time",TsukimiSoft,1603,17933,1960
5210666193,Dread Camp,8095335,4,160562,Horror,Adventure,2023-10-20T16:47:27.74Z,2026-05-18T17:49:35.865Z,"〘 About 〙 
Welcome to DREAD CAMP, the scariest horror game on Roblox. Survive the aftermath of an expedition turned nightmare. Play alone or with friends to see if you can endure the terror together. ",The Gang Stockholm,4,8611,3633
10205184118,SELL YOUR AVATAR,8016978,8010,27518,All,Shopping,2026-05-22T19:26:45.907Z,2026-07-17T20:12:49.7028623Z,"Buy items from other players’ outfits to earn Coins! When someone buys an item from your outfit, you earn Coins too. Use your Coins to get avatar items you can wear in every Roblox game!

How to Play:",SELL THE AVATAR,7938,26746,1236
7230567161,💗Sweet and lovely: Role Play🧁,7943716,34,13091,All,Roleplay & Avatar Sim,2025-02-11T20:54:13.927Z,2026-06-15T21:45:21.948Z,"This game is not an official game.

💖Showcatch is so cute and loving

--- 💮 ---
💖This experience also allows you to play with a variety of cute and lovable items, explore the map, and earn badges by c",LynaVallejosGaming,34,2224,601
9073775318,[REBIRTHS] Slime Seas ⚔️ Anime RPG,7937774,235,85391,All,RPG,2025-10-31T21:50:50.72Z,2026-07-13T03:20:15.859Z,"BETA

Enter a fast-paced open world adventure where progression, crafting, upgrading, combat, and PvP all come together. Defeat increasingly powerful slimes, gather materials, and turn your loot into ",Slime Slaying Online,237,29100,2602
9702840627,🤔Hot or Cold: Guess the Word!,7736650,876,145844,All,Puzzle,2026-02-10T02:20:23.937Z,2026-07-16T04:08:16.014Z,"💡 Got ideas or suggestions? 👍 Like the game to unlock the feedback box — we read every single one!

🧠 A secret word is hidden. Can YOU find it first?
Type any word — the game tells you how close you a",Context Works,859,115602,3951
552855493,Lionhearts [COMBAT UPDATE],7548398,23,123286,Medieval,RPG,2018-01-29T21:27:29.307Z,2026-07-11T09:11:43.639Z,"WARNING: This experience is not for casual players. Lionhearts is a demanding and challenging experience. Enter at your own risk. 

RECOMMENDED TO PLAY ON PC
THIS GAME REQUIRES MOUSE AND KEYBOARD! 

⚔",Lionhearts: Crusade,22,31627,7914
9082992651,[SCOOTERS!] Outwest Chicago 2,7507467,333,24747,All,Action,2025-11-02T00:03:47.007Z,2026-07-17T01:27:00.5163621Z,"Outwest Chicago 2

PC, Mobile, and Console Supported

🔫 Open Gun Game:
- The Gun Game is free to play for everyone. Players get a new weapon after each kill. The goal is to kill with every weapon in t",Outwest Chicago,354,6628,1441
2416015385,Nowhere Railways • Early Access •,7455367,86,44330,Adventure,Simulation,2021-03-03T17:02:52.047Z,2026-07-12T18:56:26.963Z,Nowhere Railways is currently in early access and will be released when important features and content are complete. This has been done to reduce the number of players while the game and data may be u,LOTH Games,78,10398,872
9900286623,Hold the Door: Zombie Defense,7344684,1632,59369,All,Strategy,2026-03-18T03:55:36.02Z,2026-07-17T13:19:26.5952775Z,"
⚔️ Unlock powerful towers!
👹 Fight off endless zombie waves!
👑 Survive, upgrade, and defeat powerful bosses!
👥 Team up with your friends!
🏆 Explore new maps and challenges!

🛡️ It’s tough alone — tea",Zomvex,1631,3334,783
7113599041,vivid memory - cozy house [showcase/RP],7274795,200,107767,All,Social,2025-01-19T19:31:11.557Z,2026-07-13T17:55:35.341Z,"a cozy, nostalgic house :D feels like a place you'd find at your grandma's house

showcase/roleplay game

new update: Added winter!


tags: aesthetic nostalgic cozy cottagecore old house rp chill show",Soggy frog gang,193,15639,514
7832972495,Fruit Stage Tower 🍇 (350+ STAGES),7138280,1,702596,All,Obby & Platformer,2025-06-03T11:23:22.26Z,2026-07-11T16:22:51.012Z,"🍇Welcome to Fruit Stage Towers Obby! 🍓

Complete fruity towers and have fun with your friends!
🍇과일 타워 오비에 오신 것을 환영합니다! 🍓
과일 타워를 완성하고 친구들과 함께 즐기세요!

ʚ New updates every weekend! ⭐
매주 주말에 새로운 업데이트가 있어요!",Obby Gam.,1,6813,516
9800424118,Blight Grab [UPD 1],6917644,1974,33824,All,Shooter,2026-02-26T11:27:26.463Z,2026-07-17T20:31:06.3537166Z,"🌍 Welcome to Blight Grab!

🧟 The world has fallen, and the forbidden zones are crawling with the infected.
Enter as a scavenger, search for valuable supplies, and escape before it’s too late.

🎒 Every",Arkverse-minigame,1981,30814,1387
6657534906,Aquatica Observatory ,6819127,116,75656,All,Social,2024-10-10T05:12:50.83Z,2026-07-05T23:31:38.177Z,"🌊 The Aquatica Observatory! 🐠🔭

Beta 1.0

Dive into Roblox's most immersive aquarium experience located in the Coral Sea.
Explore beautiful reefs, open seas, caves, and uncover the secrets of the deep",Aquatica Studios,113,19074,728
10329091417,Make A Soccer Empire ,6727747,5177,10826,All,Sports & Racing,2026-06-14T19:30:45.582Z,2026-07-17T20:19:15.9124982Z,"300+ Soccer Cards to Collect!

⚽ Roll cards to build your XI
💸 Earn cash every second
🔼 Upgrade & swap for better players
🎮 Hit PLAY & influence live matches
🏆 Climb the ranks & dominate",Trapped In The Hustle,5233,7113,491
9517627739,FUT ⚽ [ALPHA],6627059,12296,29053,All,Sports & Racing,2026-01-07T08:04:49.41Z,2026-07-17T22:29:55.8771311Z,"FUT is a realistic upcoming ro-football game on Roblox in Pre-Alpha phase that delivers an authentic football experience, featuring advanced mechanics, competitive gameplay, and detailed realism for t",FUT: Group,12391,19539,1066
9727052672,Build A Soccer Squad,6586488,3594,75044,All,Sports & Racing,2026-02-14T21:34:42.317Z,2026-07-17T19:51:54.9465636Z,"⚽ BUILD A SOCCER SQUAD! ⚽

Roll for the greatest football players of all time and build your ULTIMATE
dream squad! Collect legends from 1958 to 2026, fill your 4-3-3 formation,
and push for a 99 rated",414 Games,3570,4604,1355
7430288939,Chipeo's Choir 2.0,6557460,396,8093,All,Simulation,2025-03-24T14:23:49.173Z,2026-07-17T23:13:40.1661983Z,"WELCOME TO THE CHIPEO 2 SINGING GROUP 

",Gabrielchipeord,394,2989,454
7212862432,Sprunki RP 3D Roleplay [MUSTARD!],6549875,82,668348,All,Roleplay & Avatar Sim,2025-02-08T11:34:58.013Z,2026-04-28T11:52:25.02Z,"🎵 Welcome to Sprunki RP 3D Roleplay Multiverse
You can turn into any Sprunki you want and sing with them!

👌ALL YOUR FAVORITE SPRUNKIS IN ONE GAME! 

🔍OPEN WORLD SPRUNKI MAP FOR YOU TO EXPLORE

👍Be su",Slunki Games,78,11200,570
3929033413,Piano Rooms,6538928,14,64718,All,Entertainment,2022-09-11T17:14:21.813Z,2026-06-18T19:30:20.444Z,"Welcome to Piano Rooms!

🌏 Join a world of music and play with friends or strangers from all over the world in Piano Rooms!
⚙️ Customize your playing experience with a variety of soundfonts to choose ",Musical Innovations,22,6438,1217
8556063167,Битва в слове,6512256,506,95882,All,Puzzle,2025-08-26T20:56:23.407Z,2026-06-27T01:28:10.783Z,"✨ WORDLE BATTLE  ✨
🔥 Сражайся с другими игроками в битве слов! Угадай слово быстрее всех и докажи, что именно ТЫ - настоящий мастер головоломок!

📝Играйте в мои последние проекты! :
Словенский дуэль: ",Gnomms Studio,528,2253,366
9561559371,Glitched Avatar Hub [UPD],6469300,92,323105,All,Shopping,2026-01-14T22:18:07.363Z,2026-07-17T21:39:33.3199488Z,"🏆 The original Glitched Avatar game! Clone/Copy games are not endorsed.

THIS GAME IS FULLY COMPLIANT WITH ROBLOX’S TOS. ONLY OFFICIAL AVATARS APPROVED BY ROBLOX FOR SALE.

👍 Like & Favorite to suppor",Unstoppable Creations Studio,92,5402,1599
10131390815,Throw a Coin,6415818,17946,20927,All,Simulation,2026-05-06T19:09:27.949Z,2026-07-14T11:09:07.316Z,"Throw a Coin 🪙. Get Lucky. Get Rich.

🪙 Toss coins into the magic fountain
🍀 The luckier you are, the better the loot
💰 Sell your loot for cash
⬆️ Upgrade luck & coins to hit the impossible drops

❓ D",The BEST group yet!,17887,30586,900
8949357597,[🎵Phonk ] Outfit For  a Verified Person,6347268,334,390225,All,Shopping,2025-10-15T01:53:00.093Z,2026-07-17T20:18:44.463985Z,"Welcome in Outfit for a Verified Person game

✨ Free VIP for all
✨ VIP Server have free Admin Cmd
🛒 Click create Outfit button for buy every fit animation and UGC

🛍️ Find various items and outfits!
🛒",A3hiss Studio,341,958,329
10277511875,Flags for Soccer Cards!,6285310,6603,12268,All,Simulation,2026-06-05T23:19:19.975Z,2026-07-06T22:21:15.542Z,"⚽ Welcome to Soccer Cards & Flags! 🧠

🔍Guess the correct flag! 
🧠 Choose the Correct Answer!
📈 Increase Your Soccer Score!
⚡ Unlock Better Soccer Multipliers!",Fazliddin Games,6584,9993,1270
10502841145,[RETURN + UPD6] Anime Astral Simulator,6116419,28344,15762,All,,2026-07-14T15:26:28.559Z,2026-07-17T17:07:40.7442726Z,"🎉 Welcome to Anime Astral, become the best fighter trainer! 

🎁 Use Code ""Release"" for some FREE Boosts! 

🚀 Explore and be the first to discover a secret fighter! 
💪 Collect and train the strongest f",StarX Inc,28405,8237,101
2208244398,✏️ Project Sudoku,6042643,18,42069,All,Puzzle,2020-12-13T15:07:18.807Z,2026-07-15T13:42:51.971Z,"⚠️ [IMPORTANT] This game is not for sale, nor are there any shares or investments circulating. Thank you for your requests.

🧠 Train your brain with randomly generated Sudoku grids!

🛠️ Check out the ",GreatPanda3's Group,12,10355,1515
9753458401,StyleMe,6025790,784,22817,All,Shopping,2026-02-18T19:56:22.723Z,2026-07-17T19:50:24.3429619Z,"🎨 StyleMe, Where Dreams Come True! 💅✨

Welcome to StyleMe, the ultimate fashion game where you can become a stylist with your own shop! 🏪

Or Get Styled! Ask other players to style you to create absol",StyleMe Group,802,6600,1323
6970074970,Sprunki,5967826,90,9070,All,Entertainment,2024-12-25T01:21:06.703Z,2025-06-17T02:59:49.747Z,"Thanks for playing!

Credits:
Sprunki: NyankoBfLol
Tele (OC) : Alarm_clock


NOTE: This game will most likely not receive any updates",racerxe,81,1893,384
5488708927,The Eternal Abyss,5901105,322,16809,All,Obby & Platformer,2024-01-04T22:15:21.77Z,2026-07-17T20:33:22.8312816Z,">>> The Eternal Abyss is a very difficult game with little-to-no handholding. Losing progress and raging is a part of the game which should be expected. <<<

This game houses towers that intend to pus",bLockerman666,336,4827,825
10181310479,[LAST] Bathtub Universe,5896846,836,8791,All,RPG,2026-05-17T10:38:50.391Z,2026-07-16T11:51:36.6739924Z,"⚔ Bathtub Universe' Gameplay is FFA (Free For All) based off DFB's series
🐛 If you found bugs, please report it in the communications server!
Update 16 Released!

*Use ""NextUpdateWouldBeBetter For 5 D",be a millions man,844,3389,441
6409446943,[UPDATE 25] FIRESTORM 2 🔥,5883115,96,57744,All,Simulation,2024-08-12T19:46:53.1Z,2026-07-16T22:19:05.3561803Z,"LATEST UPDATE:
- Summer QOL + Aircraft
Step into the boots of a Wildland Firefighter alongside 29 other players and work together to combat raging, out of control wildfires. Outnumbered in every way p",FireX Industries,112,12466,2783
10306366253,Build A Keyboard!,5609337,2182,23618,All,Simulation,2026-06-11T11:25:25.463Z,2026-07-17T08:32:46.284756Z,"Welcome to Build A Keyboard!

- 💻 Roll and collect rare keycaps
- 👷 Hire workers to automate your farm
- ⚙️ Upgrade and expand your keyboard setup
- 💰 Earn cash and climb the leaderboards

Remember, y",BAKGAME,2140,59227,953
2501141430,Circuit Maker 2,5429771,19,20605,Building,Simulation,2021-04-08T01:49:09.62Z,2026-06-23T18:46:53.374Z,"Build digital logic circuits using AND, OR, XOR (and more) blocks. Circuit Maker 2 is an interactive circuit designer which you can play with your friends.

Use social links at the bottom of this page",Circuit Maker Community,23,4823,1810
9459951439,🛍️ Tiramisu Outfit Catalog,5415805,537,128128,All,Shopping,2025-12-29T11:43:17.12Z,2026-07-16T04:10:17.444Z,"Tiramisu lets you try on Catalog Items and 100,000+ Community Outfits for Free!

✅ All purchases made in-game will show up in your Roblox inventory and can be used in every game!
💎 Roblox Plus users g",tira miss u,524,9179,485
5383076404,Aurenvale [Summer EVENT] ,5216934,52,57269,Adventure,Roleplay & Avatar Sim,2023-12-09T22:17:06.097Z,2026-07-16T17:39:30.340357Z,"Welcome to Aurenvale! A realistic horse game where you can customize your own horse, host auctions, pursue careers, complete quests, attend riding lessons, create horseclubs, race against others, bond",Aurenvale,47,7871,1731
3696887823,Skate Forever 🛹,5118265,0,77831,Adventure,Sports & Racing,2022-06-27T21:34:11.037Z,2026-06-28T17:07:35.569Z,"Unlock new tricks, customize & upgrade your skateboard, find collectables, skate with friends, & more! 🛹","Ready, set, more!",1,10074,3788
6231868526,Our Execution,5110000,503,29805,FPS,Shooter,2024-07-07T18:58:17.78Z,2026-07-17T22:08:40.9679547Z,"V7.0a

-- CONSOLE SUPPORT IS SUPPORTED. CONTROLLER SUPPORT IS NOT.

Our Execution is a game set in a fictional world based on the mid to late 19th Century. 
A mysterious disease would emerge, slowly s",Our Execution,490,9624,1909
6957393054,LITE Rebates - [FLAKE PC] - BETA,5004407,78,3648,All,Simulation,2024-12-22T15:13:47.387Z,2026-07-03T14:55:03.945Z,"!!!!!!ATTENTION!!!!!!!

NEWLY RELEASED GAME, WILL HAVE NEW CARS OVER TIME.

Want to curtail that loud noise with your car?

HERE IS THE RIGHT PLACE!

Come have fun!!",Innovation HUB,67,1001,287
6497846997,cowboy game,4914026,42,123628,All,Action,2024-09-01T07:38:01.413Z,2026-07-17T20:22:56.6377868Z,"yee haw
a game for hunting and gunslinging

join the community below for updates and guides

credits (sorry if i missed anyone)

SCRIPTS
- captainwoodlegs: gun code, ragdolls, AI, game logic, characte",captainwoodlegs,42,22345,8980
5897329101,(QUANTUM CLASS!) Cruise Ship Simulator [BETA],4879996,146,31991,All,Simulation,2024-04-21T05:03:47.783Z,2026-07-11T18:20:29.515Z,🛳️ Welcome to Cruise Ship Simulator! Drive your very own Cruise Ship to stunning ports around the Med or Bahamas. You'll start small and buy new & larger ships like the mighty Oasis Class as you sail ,Tableboard Studios,132,8465,2459
2227097851,🌟 Free Boombox/Radio 🌟,4762183,201,9463,Adventure,Entertainment,2020-12-21T02:36:32.603Z,2026-07-17T22:33:48.5043424Z,"🌟 Welcome! 🌟
──────────────────────────────────
This is a playground where you can play your music!
Shutdown = Update
──────────────────────────────────
Commands:
/Korblox
/Headless
/Char
/Rejoin or /",[ ERRORR ],202,5796,537
10343148160,+1 Hack Per Click,4596656,5356,12481,All,Simulation,2026-06-17T07:03:24.778Z,2026-07-16T07:47:51.355Z,"🔥 Welcome to +1 Hack Per Click!

💻 Every Click gives you MORE Hacking Power!
🔓 Use Hacking Power to Break Walls!
🖥️ Upgrade your PC to hack even faster!
👑 Earn Wins to become the BEST Hacker!

🐾 Colle",money counter,5361,15421,401
9994252977,Parkour Pandemic [UPDATE 1],4363391,7451,59037,All,Survival,2026-04-05T11:45:23.623Z,2026-07-17T22:28:07.0733196Z,"[THIS GAME IS IN BETA EXPECT BUGS]

The Fracture broke the world's clock. Time runs in a loop now, replaying the disasters that ended a hundred worlds. You're a survivor, You don't know how you got he",Rxinen Projects,7663,19865,1483
2533027421,Ocean Conservation Experience,4341828,2,47413,All,,2021-04-21T01:52:33.597Z,2024-09-28T03:37:37.763Z,"Global warming is causing sea levels to rise, threatening coastal population centers as well as heating up the ocean which is extremely dangerous to marine life especially shellfish. Overfishing throu",Natalie_Clabo,2,19495,2452
10418117926,🏪Clean The Superstore!,4315009,9598,36667,All,Simulation,2026-06-29T19:34:45.2Z,2026-07-16T22:37:09.1885202Z,"👍 THUMBS UP FOR MORE UPDATES! 👍
 Welcome to Clean the Store! 🏪

The store is a complete mess! Pick up, sort, and restock thousands of items to bring everything back to normal.

🎮 How to Play

🧹 Clean ",CleanTogether,9533,12148,989
2463274810,Scripting School,4219682,12,187173,All,Education,2021-03-23T12:58:00.277Z,2026-02-12T22:59:41.157Z,"Scripting School is completely free, and will forever be that way.

Scripting School is a Roblox experience designed to help people learn to script through interactive lessons, tests, and tutorials. W",TwoToned Studios,16,57616,2917
10337069275,Ice Tycoon 2,4162301,3758,42732,All,Simulation,2026-06-16T07:30:38.862Z,2026-07-17T13:15:55.4361288Z,"Freeze water and melt it for profit! 

Upgrade your tools and machines!",Slized Games,3752,23908,2314
9848302960,[EVENT ITEMS] Buy All Free Items,4162074,103,51526,All,Shopping,2026-03-07T15:10:52.43Z,2026-07-16T03:09:01.462Z,"The most extensive free items game on Roblox!

This game has the most up-to-date and extensive event items list, and has a free item buyer machine to buy every onsale free item quickly!

Looking for f",qlovic,84,5643,348
1917762467,🎵 Free Boombox/Radio 🎵,4075607,34,12303,All,Entertainment,2020-08-02T17:41:37.377Z,2026-07-15T15:44:33.475Z,"🎵Welcome To Free Boombox / Radio! 🎵
Here You Can: 
-Play your favorite music on the boomboxes!
-Explore the map!
-Use Admin Commands
-Hatch Eggs and get New Pets!
And More!

Join Our Group https://www",XrTemp,43,3895,995
10204207151,Catch a Brainrot,4073041,10376,19573,All,RPG,2026-05-22T14:36:36.642Z,2026-07-15T13:40:15.025Z,"Welcome to Catch a Brainrot, an open world creature collection RPG featuring your favorite characters.

You've never seen a Brainrot game like this.

This game was brought to you by Indieun and zv_u.",Indieun x zv_u,10101,14321,1517
242453665,Mint Tycoon [BETA],4049881,25,115724,All,Simulation,2017-01-05T03:50:25.01Z,2026-02-01T21:01:38.018Z,"Welcome to Mint Tycoon, the Bank of Robloxia's newest banking themed tycoon game! Although still in beta, this game contains hours of playtime, three difficulty game modes,  and raw materials just wai",Bank of Robloxia,23,26731,2012
4173882191,🎹Tac's Piano Stuff,4031714,17,54561,All,Entertainment,2022-12-11T01:00:19.713Z,2026-06-30T21:45:03.357Z,A place for my own custom fonts and pianos :D,Tainted's Experiences,22,4167,492
659118871,Streamlined [ALPHA],4015494,40,85318,All,Simulation,2018-05-17T18:50:22.727Z,2026-07-13T13:38:27.995Z,"Streamlined is a Dutch train simulator based in the 1950's with a variety of engines to drive, a consist creator for your own train and a large selection of routes to enjoy! 

▶ Join the group to stay",Streamlined,43,18990,1476
10388509406,[FIXES!] Place the Keycaps!,3911036,9252,32639,All,Adventure,2026-06-24T18:09:21.448Z,2026-07-16T05:34:38.595Z,"This game is in beta, expect bugs and tweaks.

FEEDBACK IS APPRECIATED!!

Sort a pile of keycaps to complete your keyboard collection!

Q to throw keycaps
CTRL to unlock mouse",KEYBOARDS!!!!!,9226,14261,787
4905293690,The Horse Game,3773221,7,82070,RPG,Roleplay & Avatar Sim,2023-07-24T00:54:48.813Z,2026-03-31T17:16:40.856Z,"🌟 LIKE THE GAME FOR MORE FREE ACCESS EVENTS!! 

Christmas accessories can be bought at the tack shop for a limited time only. 

💳 Paid Access grants life-time access. 🕒 (Regular Price: 400) (One-Time-",The Horse Game [Official],4,12952,2508
9940812243,[7DS🐲] Anime RNG Defense,3719930,4667,88237,All,Strategy,2026-03-26T01:57:38.197Z,2026-07-17T17:31:37.7556787Z,"Welcome to Anime RNG Defense! 🎲⚔️

Luck opens the path… strategy wins the battle.

🎁 Use code : FairyForest 

🎲 Roll to unlock anime-style units
🗺️ Enter different maps and clear enemy waves
⚔️ Place ",Mera.,4674,16017,392
10368005384,My Giant Sandwich,3659347,11607,39315,All,Simulation,2026-06-21T08:12:53.871Z,2026-07-12T11:23:08.931Z,"Make toast and other stuff to build a giant sandwich

🍞 Buy big food
🍳 Cook food in giant toasters and pans
🥪 Food is stacked up to make a giant sandwich
💸 Generate money from your sandwich
Remember, ",Goofy Sandwiches,11559,115079,1578
8019620353,[🌊] EPIC: The Musical [OPEN TECH],3638389,131,24167,All,Entertainment,2025-06-28T12:34:08.833Z,2026-07-15T15:39:30.866Z,"❕| Have you ever thought about an EPIC: The Musical Open Tech game on Roblox, but never found any? Well, good for you, because we have one! Join C.L StudioWorks for an amazing and funny experience wit",C.L. StudioWorks,118,9860,435
6906503978,Art Leap by Belvedere Museum [NEW EXPERIENCE! 🎻],3611948,5,59866,All,Education,2024-12-11T17:46:21.387Z,2026-06-19T07:34:33.577Z,"[NEW EXPERIENCE - The Philharmonic 🎻]

🐿️ GET READY TO TAKE ON MANY ROLES! 🏇
🎭 Each art piece has it's own world with 3 games to complete. Be ready to play as a soldier of Napoleon, a red squirrel sea",Belvedere Museum,4,16338,1586
10074023151,THE HOUR OF CREATION,3604048,2073,69754,All,Survival,2026-04-23T19:40:59.167Z,2026-07-15T15:42:52.694Z,"⏰ You don't have much time. The animatronics are looking for you. Complete the objectives before they find you...

⚠️ Warning: This game contains flashing lights, jumpscares, and other horror elements",FNAF ESTABLISHMENT,2149,7550,588
10393620082,[🏆] Build an ASMR Tower,3578455,13078,12799,All,Simulation,2026-06-25T17:25:03.135Z,2026-07-17T21:46:40.6344509Z,"⭐ Welcome to ""Build an ASMR Tower"" where you can build your own SATISFYING OBBY!


How to play:
💰 Buy Satisfying ASMR Tools
🔨 Place them down at your base and Build Your OBBY!
🧐 Earn money with placed",+100,12677,11727,802
1579747797,Prizefighter Boxing,3557681,24,45414,Fighting,Sports & Racing,2020-02-27T05:14:29.727Z,2026-07-17T11:01:02.4257765Z,"Step into the ring with Prizefighter, Roblox's most authentic boxing game, featuring skill-based mechanics and satisfying counter-play.

Paid Early Access – You may encounter bugs or unfinished featur",Boxout Games,19,5957,1967
4508091056,Deltarune: Connected,3280569,1273,48999,All,Roleplay & Avatar Sim,2023-03-24T11:39:09.4Z,2026-07-17T14:26:33.9132566Z,"A fully 2D remake of Deltarune's engine (not the full game) on Roblox.

This game is currently just a showcase of sorts, not intended to be a full experience.
Its current state is not indicative of th",Viatrix,1270,18577,250
10342857565,+1 Bottle Flip Obby Escape,3247598,4670,4859,All,Simulation,2026-06-17T05:55:12.097Z,2026-07-17T18:32:57.3282372Z,"Welcome to +1 Bottle Flip Obby Escape

Every JUMP makes you faster! 💨 Climb the obby, escape every stage, and become the FASTEST jumper on the server!

🟢 JUMP to gain Speed and Level Up
👟 Collect Trai",Mr. Blueberry Pie Studios,4694,1094,367
10037019232,🍁[JTF 2] Marine Academy: Military Roleplay,3198505,243,9950,All,Roleplay & Avatar Sim,2026-04-14T19:59:59.907Z,2026-07-13T18:41:12.114Z,"📢 GET ON LINE!

⚓ Marine Academy is a military roleplay game where you can attend Recruit Training to become a Marine! Progress your career by hosting trainings, attending tryouts, and work your way u",Blue Canopy,240,3251,1140
9551044479,Final Swarm [Jungle 🌴],3171138,3880,15425,All,RPG,2026-01-12T21:23:09.627Z,2026-07-17T21:31:09.9385771Z,"Welcome to Final Swarm, the most intense RPG on Roblox! Fight against hundreds of enemies at once with only one goal... Survive waves and defeat the Final Swarm!

🎉 Release - Final Swarm is finally he",Evolution Studio Games,3806,24707,694
10399125962,Guess the character color,3166519,11337,6172,All,Party & Casual,2026-06-26T17:30:08.796Z,2026-07-17T22:03:13.6977144Z,"⚠️ Im too lazy to make a description, just play my game and shut up you idiot⚠️
Guess the characters color in a 1vs1 duel, fart on your opponent if you win 
A lot of characters as Gumball, Peppa pig, ",CineStars,11152,2791,1040
9729754494,🕹️ Classic Games [SUDOKU],3122554,584,17336,All,Puzzle,2026-02-15T06:30:08.21Z,2026-07-17T18:43:33.2842651Z,"🕹️ Welcome to Classic Games!
Play a collection of timeless puzzle and strategy games in one place. Challenge your brain, compete with other players, and master every classic!

Games Included:
❌ Tic Ta",o more more,588,2840,991
10253446435,[🪓] My Wood Farm ,3092164,7627,20934,All,Simulation,2026-05-31T20:50:00.412Z,2026-07-17T16:33:04.9813273Z,"Welcome to My Wood Farm! 🪓

- 🪓Axe Trees For Wood
- 🤖Upgrade and Expand your plot
- 💰Sell wood for cash

Remember, your axes farm wood offline!🤑

Like the game if you enjoy it !👍",Did I Axe,7570,86319,841
7949002987,Equistride ,3068087,31,37433,All,Roleplay & Avatar Sim,2025-06-19T12:57:21.96Z,2026-06-22T22:53:26.842Z,"Equistride [PUBLIC BETA] is a new horse game in the beta testing phase. 

Saddle up and explore a world of horses in this new equestrian game! Train, ride, and care for your horses, discover unique br",BWA - Studios,25,5773,1263
5091615162,Backpack Adventure: Find the Animals 🐻,2963856,5,23297,All,Adventure,2023-09-14T13:20:04.503Z,2026-07-13T14:20:00.957Z,"Welcome to the nature trail! Explore sprawling meadows, high mountains, and creepy caves. Equipped with your trusty backpack and keen observational skills, scour the landscape for animals that hold th",Goode Goode Studios,2,7139,481
10277874067,[🍀2X LUCK] Ball Game 🎲,2913665,2307,14961,All,Simulation,2026-06-06T01:13:11.994Z,2026-07-16T20:40:25.8266113Z,"Join the new Discord below!  (The old one is outdated).

🎲 Roll Balls.

💧 Drop Balls.

💵 Make Money.

🔁 Repeat.

Top 3 Players in Leaderboard Get a Special Prize By the End of the Month!

2x LUCK EVEN",Indiean,2340,36564,709
1093311378,1867 Historical Role Play,2906761,6,54179,All,Roleplay & Avatar Sim,2019-04-02T20:46:02.877Z,2026-01-12T11:40:11.983Z,"Retrace the footsteps of our ancestors in an 1867 reconstruction of Victorian Luxembourg.

Race through the streets on a ‘Boneshaker’ velocipede, fly through the air on a steampunk flying machine or p",cyberpiper,8,6791,2397
10253235584,Build a base RNG 🎲,2887554,11370,46451,All,,2026-05-31T19:47:08.537Z,2026-07-16T14:10:28.6331791Z,"BOSSES UPDATE 💪
Fight powerful bosses with custom attacks and use their relics to craft new OP objects!

Your base fights offline!

Roll 🎲  Build🏗️ Defend🧟‍♂️
Create the BEST base possible and become ",Slungpy Games,11368,22671,431
3801657309,CurioCity,2802642,6,11523,All,,2022-07-31T08:12:41.433Z,2024-07-30T17:29:31.043Z,"CurioCity will take you on an epic journey as you explore space and the human body. Benji the Robot is your companion and you can collect some adorable morphs who will join you on your adventures!

",The Franklin Institute,3,17701,1094
10153098880,RNG Heroes 🏹,2797397,7092,13310,All,Simulation,2026-05-11T13:01:04.511Z,2026-07-13T09:13:07.88Z,"🏹 Welcome to RNG Heroes! 🏹

🎲 Roll & collect rare POWERFUL Heroes
🐺 Battle various monsters
🌍 Unlock & explore many biomes and zones!
🐉 ??? 

🍀 Like & join group for +10% Gold & +1 Luck!


💚 Thanks fo",Heroplay Studios,7099,11887,567
9873090762,🖌️ Top Stylist,2754348,757,12983,All,Shopping,2026-03-13T00:00:30.412Z,2026-07-17T22:06:39.3744287Z,"Are you a Top Stylist?
🖌️ Join to design your shop, sell outfits you created on mannequins, and style other players!

🛍️ All clothing purchases in-game will go into your Roblox inventory!
💰 Any items ",Better Styles,740,2560,837
9844129216,[UPD 1🌋] Card Chronicles,2735343,2327,4760,All,Simulation,2026-03-06T22:32:15.753Z,2026-07-15T01:00:13.696Z,"Dive into a brand-new ANIME card rng game packed with unique features, strategic gameplay, and exciting challenges.

🔥 Roll & reach greater heights!
🛡️ Use your favorite cards to fight!
⚡ Roll, upgrad",Chronicle Entertainment,2333,5618,701
9063922112,[🔨F3X] BYBAT: Scene Builder,2726934,387,16118,All,Simulation,2025-10-30T11:12:07.063Z,2026-07-17T17:52:30.1942259Z,"Also known as: Build Your Base and Troops
Military themed building game that uses F3X Building tools. Build scenes. Assemble soldiers. Visualize war. 

Join our group to get access to funcommands in a",BYB @,398,2872,549
10421154706,[UPD1] Be The Final Boss,2685941,10769,110002,All,Simulation,2026-06-30T11:26:12.654Z,2026-07-17T10:52:35.3939646Z,"It's YOUR turn to be the FINAL BOSS!🔥

Heroes from across the land are trying to take down your castle. DEFEND IT with your minions!⚔️

Summon minions to fight for you!! 👹
Defeat endless waves of hero",Apparently Champions,10668,18623,958
10311066406,[👑] Zombie Turret Farm,2638714,3942,9467,All,Simulation,2026-06-12T06:38:15.01Z,2026-07-17T17:17:54.6791678Z,"Build a wall of turrets and watch the zombie horde turn into pure profit.

🔫 Place turrets to farm the zombies
⬆️ Upgrade and expand your base
💰 Roll for rarer, stronger turrets

Your turrets keep far",BrainRot Zombies Inc,4099,6686,630
8767964779,Virtual Band 🎸,2637458,123,16696,All,Entertainment,2025-09-21T09:05:27.1Z,2026-07-11T22:06:17.086Z,"Virtual Band – Play Instruments Online

Make music, practice, perform for donations, or just hang out and listen with other players.
Tap/click on other players to mute/donate.

Features:
🎸 Virtual Gui",FistQueen27,118,2704,363
4171073930,Wild Heart Stables V.2 ,2432078,0,29049,Adventure,Roleplay & Avatar Sim,2022-12-10T04:19:57.643Z,2026-06-22T19:51:32.754Z,"We are actively working on updates, Early supporters will receive special rewards.",Wild Heart Stables,0,4844,1250
4827308727,[EARLY PAID ACCESS] Havoc,2393899,1853,19147,Fighting,Action,2023-07-02T01:24:59.89Z,2026-07-17T20:47:41.0031862Z,"Havoc immerses players in the aftermath of The Silence, a world where factions fight for survival and territory.

This is a hardcore extraction shooter built around real risk and consequence. It is lo",The Havoc Union,1863,5161,1446
9210596770,Survive RONALDO,2306124,0,13123,All,Survival,2025-11-20T23:10:25.61Z,2025-12-26T16:23:06.29Z,"LIKE👍 + JOIN OUR GROUP FOR FREE VIP ADMIN: https://www.roblox.com/communities/35901672/

🎉 Survive for a special surprise! 🎉 
⭐ We added SECRETS! 🤫

🗺️ Explore the map and run to survive! 
⚔️ Fight RO",L2XXY Games,0,7172,1398
5727543152,Travis Scott Presents: Astronomical,2210621,63,20234,All,Entertainment,2024-03-07T02:06:55.757Z,2026-07-16T03:40:33.9Z,"MAX GRAPHICS IS RECOMMENDED HEAVILY FOR THE BEST EXPERIENCE.

Press V To Unlock The Mouse
Hold B To Emote (on mobile users it's a button next to chat on top left corner)

Scripted by: @axifled | @bore",FN BATJEL,68,6849,558
10354090929,[RANKED] Eggball,2203630,2113,6604,All,Sports & Racing,2026-06-19T04:30:06.286Z,2026-07-17T23:20:42.0892031Z,"Eggball — a fast-paced 2D soccer game where you control your egg and smash the ball into the goal! Inspired by Haxball.

Play football with friends in quick 5-minute matches. Score goals, earn cash, u",Sohrab Studios,2119,2403,853
10406668651,Mine a Planet [BETA 7],2149249,19049,71273,All,Simulation,2026-06-27T23:14:04.878Z,2026-07-15T01:26:34.43Z,"⛏️ Command a FLEET of laser drones to blast apart a giant voxel PLANET — and get RICH!
Idle the cash in, evolve your world, and chase 1-in-25-TRILLION rarity drones. 🪐💥

💰 IDLE TYCOON — your drone swa",Skydog Games,19099,22298,830
9641502068,KNIFE DUELS,2123944,5466,9983,All,Shooter,2026-01-29T12:11:21.933Z,2026-07-17T10:24:04.66134Z,"Welcome to KNIFE DUELS, a unique fast-paced first person shooter centered around knife combat! Challenge other players in 1v1 to 4v4 duels where the first to 6 wins!

🆚 Challenge other players by step",KNIFE DUELS Team,5591,14820,1114
7485177375,FIND THE MIKU [249] [delay!],2096234,48,34450,All,Adventure,2025-04-04T09:27:57.773Z,2026-06-26T00:12:54.247Z,"you have spawned in a strange place. all that's here is Miku... Miku Miku Miku !!
explore the classic-style world and try find all the Mikus!! after all, that's the name of the game.. 📝

featuring voc",gam time,51,5804,487
2929752024,Tower World | Alpha,2089857,3,93484,All,Obby & Platformer,2021-09-21T23:58:02.657Z,2026-01-12T06:33:12.84Z,"Tower World features a diverse array of tower based obbys, each with its own unique characteristics and mechanics.

🎵 The music used is non-copyrighted.

Tower World | Alpha 0.1
- CHECKPOINTS NOW SAVE",FrancoJ,4,22976,1539
4289890765,Steam & Steel ,2081516,77,45662,Building,Simulation,2023-01-15T16:34:47.45Z,2026-06-27T05:16:43.058Z,"All Aboard! Master the Rails in the Ultimate Train Game on Roblox!

Master the realism of the most realistic steam simulation on Roblox, with fully modeled Valves, Boilers, Fireboxes, and Wheel slip!
",CyberPlay Interactive,78,5898,470
2535080489,[💢ALL FOR ME] Heroes Online 2 ,2052443,14,59173,All,RPG,2021-04-22T00:32:35.67Z,2026-04-14T23:30:17.431Z,"Welcome to Heroes Online 2, a game that is loosely inspired by My Hero Academia!

✨Explore the world and either become a hero who protects the innocent or a villain who creates chaos! The choice is yo",Bloxxit Studios,14,20342,1371
4079077350,[PAINTING🎨] Cruise Line Tycoon,1923006,250,40142,Building,Simulation,2022-11-05T13:29:53.09Z,2026-07-15T14:22:05.771Z,"Welcome to Cruise Line Tycoon 🚢
Dive in to a new grid-based ship building & management game where you are in control of your own cruise line. 

How to play ❓
- Build rooms, entertainment & amenities t",Quality-Studios,253,7082,689
3211189518,Find Everything,1914059,7,108110,Adventure,Adventure,2021-12-29T01:49:58.377Z,2026-06-07T09:38:17.182Z,"💡 Currently in Early Access! Players who buy early access will get exclusive rewards when the game fully releases.

An online 3D platformer/scavenger hunt about exploration, stupid jokes, and finding ",Everything Finders,7,21221,707
10107313561,🌧️ Bring Back The Sun!,1893015,1517,27079,All,Puzzle,2026-05-01T12:23:58.488Z,2026-07-17T17:48:57.6986603Z,"🌧️ Bring Back The Sun!

A mysterious wizard has covered the world in endless rain, and the sun has vanished from the sky.

Explore unique locations, solve challenging puzzles, uncover hidden secrets, ",Protocol: Anomaly,1552,18855,1298
9865604662,VEF,1822694,377,1077,All,Sports & Racing,2026-03-11T03:42:22.83Z,2026-07-17T17:15:30.1483Z,"Win tournaments, bring success to your team, and play the best football on the platform.
Virtual European Football is the premier competitive football game on Roblox. Experience authentic 7v7 gameplay",[VEF] Virtual European Football,359,536,71
6942586315,[MAP REVAMP] AdrenaLane (BETA),1631978,22,103689,All,Simulation,2024-12-19T20:48:19.92Z,2026-07-17T15:44:48.8362517Z,"⭐️Welcome to AdrenaLane! An Arcade Styled Car Game With Realistic Graphics!⭐️

👍NEW CODE AT 20,000 LIKES!
Use code ""BETA"" for 5,000 in-game Drift Points!

📣| Follow the Game to Get Update Notification",UfoSquad,24,19012,4836
5364600678,High Iron [Alpha],1552534,13,35893,Town and City,Simulation,2023-12-04T07:24:46.27Z,2026-07-17T02:07:21.7514726Z,"Serve waybills and hear the rolling thunder out on the high iron!

High Iron is a realistic North American train simulator that encourages you to play your own way! Choose from our unique selection of",- Nebula Games -,16,5010,1300
9438247464,Response London,1546754,59,55474,All,Roleplay & Avatar Sim,2025-12-26T15:41:15.333Z,2026-07-06T09:50:13.905Z,"Step into the chaos of the capital in Response London, the next evolution of emergency roleplay on Roblox. Protect the city, save lives, or live your own civilian story in a dynamic open-world London.",Response England!,56,2654,545
7511479008,Get Your Avatar! ✨,1527848,336,115550,All,Shopping,2025-04-09T08:32:54.687Z,2026-07-16T05:29:54.468Z,"⭐Collect coins and use the lever to get random outfits⭐

Spin the gacha to receive different clothes and accessories.
Try to collect all outfits and complete your collection.

[How To Play]
• Collect ",Cozy Blox,331,7249,334
9239596388,Survive KPOP DEMON HUNTERS,1462054,0,5495,All,Survival,2025-11-24T23:20:26.273Z,2026-06-15T14:12:22.408Z,"LIKE👍 + JOIN OUR GROUP FOR FREE VIP ADMIN: https://www.roblox.com/communities/35901672/

🎉 Survive for a special surprise! 🎉 
⭐ We added SECRETS! 🤫

🗺️ Explore the map and run to survive! 
⚔️ Fight Kp",L2XXY Games,0,1552,367
6794845242,[🗿🐀FREE UGCs] Final Score,1412641,3,10245,All,RPG,2024-11-14T12:33:30.05Z,2026-06-07T18:57:37.355Z,"Final Score - the music game: A Game by the Royal Concertgebouw Orchestra in collaboration with the ELJA Foundation.

🎶 Join the Ultimate Musical Adventure in Final Score!
Team up with friends, unlock",Koninklijk Concertgebouworkest Group,6,18897,1034
4055567612,Words of Power,1405019,0,17118,All,RPG,2022-10-28T12:51:16.493Z,2025-10-31T16:04:48.937Z,"Welcome to Words Of Power, a fast-paced action roleplaying game.
Go on adventures to defeat villains and collect new powers, making you stronger and smarter along the way.

💛 Sharing is caring! Leave ",Mrs Wordsmith,0,2743,758
7674516670,Ro Theft Auto VI,1397933,6,169897,All,Action,2025-05-10T14:40:21.04Z,2026-06-16T18:55:19.434Z,"Welcome to RO THEFT AUTO 6!

Explore a huge open-world city, drive through busy streets, discover new areas, and build your own story with friends.

🚗 Drive cars around the city
🏙️ Explore different l",dead game smth,8,12264,1268
10233180411,[TRADING] Into the Backrooms TD ⚔️,1397315,1118,3779,All,Strategy,2026-05-28T04:03:40.502Z,2026-07-17T22:48:51.745331Z,"Welcome to Into the Backrooms TD!

⚔️ Creatures from the Backrooms are invading our world. Team up with your friends to defeat them! ⚔️ 

💵 Summon mega-rare towers to help you fight the invaders!
🚪 Un",Backrooms Tower Defense,1121,3916,256
5316084314,Neon District 2051 - RP,1389210,57,48989,Town and City,Roleplay & Avatar Sim,2023-11-20T00:19:35.24Z,2026-07-09T08:15:51.941Z,"Step into a gritty dystopian world, and live out your cyberpunk dreams in this remaster of the original Neon District. Featuring a completely remade map and modern roleplay features. 🖥️

Update:
🎬 - A",Mareware,55,5809,471
6820035296,The Psychological Experiment,1342000,2,242785,All,Adventure,2024-11-20T20:51:53.75Z,2026-07-17T20:47:26.1077337Z,"The Psychological Experiment is a single-player horror game. As a patient in a mental asylum, you are confined in isolation, distant from everything, suffering from hallucinations and delusions. This ",PLATED.,1,16841,4802
10332728332,🏆 [World Cup RNG] Grow Soccer Club,1341596,2289,87752,All,Sports & Racing,2026-06-15T11:24:35.457Z,2026-07-17T20:56:15.3515717Z,"⚽️ WORLD CUP RNG: Build your soccer club! 

🎲 Roll soccer cards
⭐️ Chase ultra-rare GOATs
📸 Collect HIGHLIGHTS of World Cup
⚽️ PLAY matches, and get cash
🌳 Upgrade your stadium

🏆 The only game that c",District Bloom,2299,3394,350
10419655626,Sintonia RP,1312104,1531,25213,All,Roleplay & Avatar Sim,2026-06-30T03:47:09.385Z,2026-07-17T21:29:19.8345992Z,"Bem-vindo ao Sintonia Roleplay, um jogo de RP brasileiro inspirado na Capital Paulista onde a sua imaginação é o limite!

👮 Torne-se policial e proteja a cidade combatendo em ações ou patrulhando e ab",Sintonia Group Brasil,1574,1182,107
7452851216,🎉 [Update] Pad Thai Meme Animation Back up,1261072,280,12396,All,Entertainment,2025-03-29T07:02:49.347Z,2026-07-14T15:34:00.969Z,"Update V10.9 🎉

- Bugs 🐞
- Donation leaderboard: Bug fixing in progress

- Remove some Animations 🗑️
- Angry Thragg (4 Players)

- Fix animation 🔧
- MACARENA MEME 3 (players)

- New 4 animations 👀
- M",KGZ Studio,273,2929,122
10302044098,[🎶] ClickBeats,1238655,1030,12564,All,Entertainment,2026-06-10T17:53:33.217Z,2026-07-17T10:35:29.8442914Z,"Welcome to ClickBeats! The music creation and rhythm game where every song is made by a player.

Build songs note by note in a full studio, play community tracks, earn rewards, and collaborate with fr",Coos Studios,983,2750,563
9762578530,Color Catch,1227928,34,15061,All,Party & Casual,2026-02-20T10:06:12.7Z,2026-07-15T00:06:46.229Z,"🎨 COLOR CATCH IS LIVE!

Professor Monochrome is on a mission to erase color from the world…
And he's sending his Color Catchers into the National Gallery of Art to drain color from the paintings.

Wil",National Gallery of Art,21,6493,998
10123283304,Command Authority: Military Roleplay,1223296,98,4339,All,Roleplay & Avatar Sim,2026-05-04T15:45:53.392Z,2026-07-12T18:29:08.955Z,"This game has been moved. IF YOU ARE JOINING FROM THE OLD GAME, YOU STILL HAVE YOUR DATA AND GAMEPASSES!

🪖 Command Authority is a military simulation and roleplay game. Players hold a role in the Uni",Blue Canopy,99,1677,369
10014365442,[GANDENG X250] Mount Bubu Dudu,1203619,1640,13558,All,Obby & Platformer,2026-04-10T08:27:37.968Z,2026-07-05T14:14:14.744Z,"🐼 Become Bubu or Dudu and climb to the top together!

🌸 Jump across fun obstacles
☁️ Reach the summit
✨ Earn Titles 
❤️ Play with your friends!",PanCommunity,1548,2067,119
7134571356,Mini Drifters [BETA],1152958,0,33298,All,Simulation,2025-01-24T02:39:28.357Z,2026-07-16T11:08:57.0521087Z,"🔥 Welcome to Mini Drifters! 🔥

🚧 EARLY DEVELOPMENT ALERT! 🚧
This game is in VERY early development! Don’t judge too soon—big things are coming! 🚀

🎁 Beta Testers Perk:
Get an EXCLUSIVE Car + Special T",Gassy Studios,1,7646,1555
2254119010,[BETA] Bloxugan,1112580,230,24440,All,Strategy,2020-12-31T06:35:52.05Z,2026-07-14T20:48:48.864Z,"🔥BLOXUGAN ALPHA UPDATE🔥

Step into the world of Bloxugan, and prove you're the ultimate Bloxugan brawler. Build your collection, master teamwork, and unleash your Bloxugan’s full potential. [Inspired ",Bloxugan,230,2773,232
9578166823,Toilet Merge Simulator,1094973,0,5455,All,Simulation,2026-01-17T18:04:08.157Z,2026-07-06T20:30:20.809Z,"🔥 Welcome to Toilet Merge Simulator🔥

🚽 Get ready to unlock super cool, powerful toilets!
💩 Grab Poops from your toilets and toss them in the Trash to earn cash!
💸 Use your money to buy more toilets a",Mogged Group,1,19924,702
5851294352,VOXEL DESTRUCT 2 EARLY ACCESS,1004737,1452,26031,All,Simulation,2024-04-08T19:12:10.803Z,2026-07-12T05:26:44.649Z,🚧 The game is unfinished and is in PAID EARLY ACCESS. At least you get to try it early hehe. We'll release frequent updates to add more missing features to the game. The game will become free-to-play ,whatever_dev(),1439,4883,112
4145952225,CodeCombat Worlds [Lua Coding RPG],994594,2,8643,All,,2022-11-30T08:32:14.037Z,2025-01-28T07:56:47.483Z,"UPDATE 1.8.3
- 5 new Learning Levels
- Learn how to get loot from monsters

Want to make your own Roblox games but don't know how to code? 
Want to code but not sure where to get started? 

Then join ",CodeCombat,1,1626,691
10267638347,Avatar Catalog 🛍️,993237,672,95423,All,Shopping,2026-06-03T22:55:31.108Z,2026-07-17T11:15:31.259102Z,"Avatar Catalog lets you try on catalog items and community-made outfits to build your perfect avatar!

✅ All purchases made in-game are added to your Roblox inventory and can be used in all games!

🛍️",RETAIL THERAPY.,652,136,53
1467077046,[VR Exclusive] EdgeWorks,980742,0,63724,Adventure,Obby & Platformer,2019-12-26T05:42:34.153Z,2025-09-29T09:18:22.957Z,"Welcome to Edgeworks! a VR exclusive game about physics puzzles, freerunning, parkour and climbing!

If you have Criticism/critique, or issues with the game PLEASE get in touch.

Known headsets co",GregTame,3,6039,1714
9629735301,🔪Survive 67 The Killers!,945638,0,8126,All,Survival,2026-01-26T22:30:51.377Z,2026-02-28T16:41:34.761Z,"🔪The BEST Survival 67 The Killer!🔪

🔥LIKE + JOIN OUR GROUP FOR THE 👍MEGA REWARDS: https://www.roblox.com/communities/117951224/Many-Things-Studio#!/about

🎉 Survive for a special surprise! 🎉 
⭐ We add",Many Things Studio,0,729,220
8974153311,[UPD & X2] Dragon Ball Hyper Reborn,944150,343,4223,All,RPG,2025-10-18T13:38:50.183Z,2026-07-17T19:37:01.1325352Z,"🌟Welcome to Dragon Ball Hyper Reborn🌟

Say Nimbus to summon your flying cloud!

Support the game with a like to keep updates coming!  ❤️
✅ Play with friends = get training multiplier and level up fast",Dark Strange,375,1281,198
7857382307,The Vampire Chronologies,867348,15,8965,All,Action,2025-06-07T01:16:50.417Z,2026-07-17T13:03:20.039377Z,"⚠️ Early Access: The game is currently in development and far from being finished. Expect bugs, glitches, and frequent updates as we work to enhance gameplay. 🔧✨

🩸────────────────────🩸

🕯️Choose your",The Vampire Chronologies,18,3963,448
4373521124,Destination 🌇🏡 [200+ NEW ITEMS! BETA],837023,25,87442,All,Roleplay & Avatar Sim,2023-02-09T23:02:08.29Z,2026-07-16T21:24:49.0703108Z,It is STRONGLY RECOMMENDED your device has 4+ GB RAM to avoid crashes. Older devices may GREATLY STRUGGLE to run the game as intended! The experience is best for new devices (2023+) that can run on hi,Boba Builders,24,5230,1271
10271723279,[UPDATE] Ultimate Gym Game,815478,1994,31007,All,Sports & Racing,2026-06-04T20:53:20.969Z,2026-07-17T20:40:22.5514551Z,"💪 ULTIMATE GYM GAME 💪

Lift, grow, bulk or cut, and become the strongest player in the gym! Train with 31+ exercises including Bench Press, Squat, Deadlift, Cable Machines, Dumbbells, Pull-Ups, Dips, ",UGG - Gym Simulator,1988,6252,371
9868565686,Survive Poppy Playtime The Killers!,799318,0,15819,All,Survival,2026-03-11T20:30:06.177Z,2026-03-26T22:38:42.254Z,"🔪The BEST Survival Poopy Playtime Killers!🔪

🔥LIKE + JOIN OUR GROUP FOR THE 👍MEGA REWARDS: https://www.roblox.com/communities/117951224/Many-Things-Studio#!/about

🎉 Survive for a special surprise! 🎉 ",Many Things Studio,0,763,176
7208219743,The Walking Dead Online 3 [BETA],763663,3457,17562,All,,2025-02-07T15:11:14.99Z,2026-07-16T17:10:32.4927204Z,"WELCOME TO TWD ONLINE

TWD Online is an open-world survival game set in the post-apocalyptic world of The Walking Dead.

Scavenge abandoned towns, search for supplies, fight walkers, and survive again",TWD Online,3482,2187,730
9495770700,AI Interrogation 📁 [UPDATE],748920,226,90879,All,Puzzle,2026-01-03T14:10:13.183Z,2026-07-16T19:32:35.9147606Z,"COMMUNITY CASES UPDATE 📂 
Play cases made by other players for free Or publish your own!

You are locked in a room with a suspect who refuses to talk. You have 10 tries to get a full confession out of",RealTalk AI,208,10660,4107
8527834040,[WORKING SUSPENSION] TRC | Offroad Park,725049,18,6680,All,Simulation,2025-08-24T00:47:45.327Z,2026-07-15T00:47:03Z,"TRC Offroad – Update 🚧

🌄 Added 2 new hills + expanded trails for better exploration

🚗 New Working Suspension Pack
Includes 2 new vehicles with realistic suspension

⚠️ Note: Suspension wasn’t built ",UVM|Studios,15,1018,199
9520326953,Overworld,652322,46,54388,All,RPG,2026-01-07T18:17:40.433Z,2026-07-17T22:26:15.2744266Z,"Overworld is an Open World RPG focused on leveling your skills and building your character.
Adventure with friends, complete quests, loot dungeons and slay legendary bosses for rare drops.

💀 Explore ",BADJUJU,48,9454,418
1184233856,Stranded on Earth [Alpha],588619,2,49848,Horror,Shooter,2019-06-10T11:38:00.163Z,2026-06-08T01:38:37.438Z,"A cooperative sandbox zombie survival game with base building mechanics and weapon customization. This game is still in its Alpha stage so expect bugs and other issues. 

controls 
LMB - shoot (repair",speedydude900,2,5113,857
8214342832,RoSim 0.4,555251,1,33477,All,Simulation,2025-07-20T21:44:13.627Z,2026-04-25T19:25:27.866Z,"Roblox's first true simulation experience. Cutting edge chassis tech with full wheel and force feedback support.

This game does not use A-Chassis.

By paying for early access, you are given a very ea",chedsapp,0,5133,1091
8954145601,Ryuken: Revamped,523248,0,11710,All,Action,2025-10-15T19:03:31.717Z,2026-07-17T21:38:07.8185398Z,"A Revamped version of the naruto game our studio made some time ago.
Current Villages: Leaf, Sand, Mist, Stone
Level Cap: 100

Lead Game Designer:
@TheB0ssSnaiI",Project Ryuken,0,20177,804
7587104675,Baltic Sea Simulator │BETA [NEW PORT AND SHIPS],461579,12,16309,All,Simulation,2025-04-23T12:01:10.49Z,2026-07-16T15:32:23.1162375Z,"🚢 Set Sail in Baltic Sea Ship Simulator on Roblox! 🚢
>>> RO-SCALE <<<

⚠️ATTENTION! The game is designed for true maritime enthusiasts. If you don't like grinding type of game - Don't buy! You are pay",Baltic Studios,13,1998,653
7865842436,🌸 CHAPTER 5!! | 800+ DELTARUNE Outfits!,458797,42,10840,All,Shopping,2025-06-08T01:19:57.593Z,2026-07-17T17:50:34.2137741Z,"Welcome to Deltarune Outfits! 💖
Here you can find many cosplays from multiple characters from the game! 

⭐ More than 800 outfits for a great price!
🛍️ All in-game purchases go to your Roblox inventor",Minx UGC,46,1206,165
9379051044,Survive in Backrooms,422925,0,5900,All,Survival,2025-12-18T19:13:07.12Z,2026-02-23T12:40:53.539Z,"LIKE👍 + JOIN OUR GROUP FOR FREE VIP ADMIN: https://www.roblox.com/communities/1043034419/6-7-Games#!/about

🎉 Survive for a special surprise! 🎉 
⭐ We added SECRETS! 🤫

🗺️ Explore the map and run to su",6-7 Games,0,2164,463
9442472087,Warden,391661,5344,35069,All,Survival,2025-12-27T03:53:59.19Z,2026-07-17T20:03:27.0659623Z,"🦖 Become a powerful creature and venture through the Warden’s Doors of Creation! Team up with companions, complete objectives, solve puzzles, and uncover the mystery behind the spreading corruption.

",Sonar Studios,5355,5415,175
10060481733,Better Blocks [🏡 Town Builder ⚡],382089,18,5063,All,Simulation,2026-04-20T08:47:49.763Z,2026-07-17T13:31:59.7845754Z,"Build your mini city block, construct shops and businesses, invest in community projects and see your citizen population grow. 

Happy citizens create energy called civic power.  You can use it to dev",Fair Count,15,987,212
1250803741,Windgate ⛵,361600,2,24856,Adventure,Adventure,2019-07-26T20:18:53.187Z,2026-03-09T15:42:37.344Z,"1000+ player sandbox worlds.

🗺️ Explore huge worlds.
🪓Chop trees and mine stones, make money, upgrade your tools.
🏡 Build anywhere. Settle down with your fellow players and build communities, towns, ",Defaultio,2,2362,484
9845995128,[🎤] Korean Karaoke,346600,147,2570,All,Entertainment,2026-03-07T06:20:26.933Z,2026-07-17T20:43:51.0542728Z,"SHUTDOWN = UPDATE

[👋] This game does not generate revenue and complies with Roblox ToS.
[🍀] This game is currently in development and may contain bugs.
[🔥] Shutdowns may occur frequently due to updat",팡팡스튜디오,127,639,56
2610672811,[0.9.2]Batman: Gotham Stories,343875,0,22189,RPG,,2021-05-23T18:23:50.673Z,2025-04-06T16:35:45.97Z,"Update 0.9 Part III is here! Check the server for details on what is new.

Batman: Gotham Stories is an RPG in which you will be able to RP and, as the name suggests, create your own stories. Randomly",bruceywayne,0,1497,351
8259850481,Legiones [LEVELS & PERKS!],341804,681,13830,All,Action,2025-07-26T06:09:02.217Z,2026-07-17T21:26:06.7231526Z,"Welcome to LEGIONES (Tech Demo)

This is an early tech demo for the future build of LEGIONES. Expect bugs and rough edges, this is a barebones version with a small gameplay loop while we build out the",Project Legiones,671,4120,539
9594335382,Steal From Gatito 🐱,309539,0,73460,All,Survival,2026-01-20T13:37:03.073Z,2026-06-18T21:02:57.291Z,"👶🐾 Welcome to Baby Heist: Cat Chaos! 🐾👶

💰 Steal the babies from multiple sneaky cats and run! Can you survive long enough without being caught?
😹 Outsmart the kitties, dodge traps, and see how much c",TDL STUDIO,1,492,123
3827656431,MTR South Island Line | A train simulator,305239,0,14748,Town and City,Simulation,2022-08-08T16:33:16.76Z,2025-07-21T20:50:18.97Z,"*This game is still under development, and bugs are expected. Please message me directly for any bug reports*

The MTR South Island Line is a rapid transit line of Hong Kong's MTR metro system. This l",dream.studio,0,1171,473
10009533319,(UPD) Monster Truck LEGENDS,297611,35,4031,All,Sports & Racing,2026-04-09T02:20:12.41Z,2026-07-12T22:24:42.683Z,"LRM Version 7.8

The next generation of ROBLOX Monster Trucks.

DISCLAIMER: Copyright is a real thing. Trucks may not match real life appearances.",LRM Studio,37,697,66
5721900060,[UPDATE✨] Amazonian Survival EA,283457,0,19230,Adventure,Roleplay & Avatar Sim,2024-03-05T01:26:06.207Z,2026-07-04T18:35:26.693Z,"⚠️PLEASE READ⚠️
Amazonian Survival is currently in EARLY ACCESS. By purchasing the game now, you are supporting its development and getting the chance to play it before the full release. Since the gam",Amazonian Survival,0,2208,265
9602760910,My Dreamy Sky ☂️,260993,8,4251,All,Obby & Platformer,2026-01-22T06:51:08.92Z,2026-07-17T21:08:33.3010764Z,"╭ ♡ ・ 🌈 My Dreamy Sky
┊︶︶︶︶︶︶︶︶︶︶︶︶︶︶
┊ ☆ ・ Gifts for You 🧸
┊ • dreamy bunny · vintage teddy bear
┊ • rainbow plushy · rainbow halo · 20K ♡
┊
┊ ☆ ・ Dreamy Duo Obby 🐰🐰
┊ • 2 player teamwork obby
┊ • fr",Valentine Vault,12,347,112
10220688368,Realistic Size Comparison!,247028,321,3516,All,Entertainment,2026-05-25T12:50:00.125Z,2026-07-08T08:51:22.474Z,"📏 Realistic Size Comparison
Have you ever wondered how big your Roblox avatar is compared to the real world? Welcome to the ultimate scale simulator!

We have converted standard Roblox engine units in",cirodrag8,350,1209,164
7172023529,Waterloo at home,209875,235,1374,All,,2025-01-31T05:56:54.797Z,2026-07-03T02:54:35.987Z,"Do you have what it takes to be victorious in this open-world Napoleonic Wars battle sandbox?

⚔️Tons of classes and nations to fight with!⚔️
🌏Explore and conqueror massive maps!🌏
🚩March to battle wit",helIespont,232,460,100
10231691585,Feed Snakes with Friends,209613,0,18810,All,Simulation,2026-05-27T19:23:33.648Z,2026-07-01T21:44:03.849Z,"How many friends can you feed to Snakes?

Just don't jump yourself or they'll eat you!

Like the game + Join Group for a Reward",Ghostz Play,0,526,207
9906165155,Make a Mandala,177831,4,1386,All,Adventure,2026-03-19T13:02:33.019Z,2026-07-15T08:04:04.71Z,"🌿✨ Explore. Collect. Create. Connect. Repeat.✨🌿 BETA 👀

Explore forests, meadows, and riverbanks collecting acorns, leaves, pinecones, flowers, feathers, and more. Then head to your plot and turn what",Goode Goode Studios,5,344,90
8720520697,Emergency Response Australia,161542,3,7014,All,Action,2025-09-15T08:43:03.93Z,2026-07-17T07:12:42.6965967Z,"Join the force and stop the crime in Redgum. The locals have had enough of the robberies, car thieves and dangerous driving.. It's time for someone to step in.

Up for some mischief? Visit the guy beh",Emergency Response AU,4,768,210
10351246089,[ALPHA]  Hotel Tycoon 2,134582,127,12537,All,Simulation,2026-06-18T15:20:55.718Z,2026-07-13T18:38:51.284Z,"🏨 Welcome to Hotel Tycoon 2!

[HOW TO PLAY]

🛎️ Serve your guests by clicking on them!
🛏️ Let guests sleep and enjoy hotel activities.
💰 Collect payments when they check out.
🏗️ Build, expand, and upg",Lycke,121,1035,380
7448488942,eko Beta Test,108955,0,31035,All,Simulation,2025-03-28T12:32:18.157Z,2026-07-17T19:16:28.7927064Z,"A relaxing building game
Note: This is a sandbox game! There is no objective besides building - don't buy the game if you're expecting something else

Features:
- Hexagon grid building for ground, lak",xander22,0,4991,172
10356173504,Grand Treat Auto 6,92404,0,4590,All,Action,2026-06-19T12:34:34.706Z,2026-07-02T17:07:59.663Z,"Welcome to Grand Treat Auto 6

Shoot and fight with players
Steal vehicles and guns
Drive crazy

Like the game for more updates!

This is an AI Test game as of now, heavily in development. Expect unfi",Latamrot Productions,1,3106,635
9320646231,Edenville,69221,14,7349,All,Roleplay & Avatar Sim,2025-12-08T06:41:50.643Z,2026-07-10T06:11:00.474Z,"🏡 Build the life you've always wanted in Edenville! Decorate your home, work jobs, drive your dream cars and roleplay!

[✨ UPDATE 2 - July 5]
+ 🏡 2 new homes
+ 🏆 “Most Liked Homes” Leaderboard
+ 🚗 New",Nocturne Entertainment,15,492,82
9868579866,Classic Catalog [new clothing!],68771,51,3163,All,Shopping,2026-03-11T20:35:45.053Z,2026-07-17T15:03:37.9002495Z,"A faithful recreation of Roblox's original catalog. Browse, try on, and discover thousands of Roblox-made items.

""Close enough, welcome back Catalog Heaven""

Key Features:
🗓️ Filter items by the year",Catalog Fanatics,50,430,53
10253700254,[BIG DEFENDERS!] Project Deep Creek,46596,26,866,All,Simulation,2026-05-31T22:17:58.22Z,2026-07-17T01:08:31.5479244Z,"Welcome to ""Project Deep Creek"" one of the very few mudding games with original builds and clean models.

-Mudding

-Skimming

-Snorkel Sounds

-Giant Map

-Quality Builds

-Good Vaule Packs

Make sur",Good Enuff Creations,25,120,20
9742094013,Egg Hunt 2026: The Grand Eggspress,4632,0,1801,All,Adventure,2026-02-16T21:15:47.483Z,2026-07-17T18:31:41.4275328Z,"This game will be launched July 29th, 2026! There will not be gameplay here till then!

* Egg Hunt 2026: The Grand Eggspress is a single player and multiplayer 3D platforming adventure story game on R",Koiverse,0,95,8
3467061844,Project Sunset | Pre-Release,2715,0,60,All,,2022-04-01T23:16:23.11Z,2026-07-17T02:15:58.0595825Z,Ooooh~,Pacific Horizon Studios,0,14,3
6890277254,"☆ Showbiz Pizza, | Arlington, Tx ☆",111,0,9,All,,2024-12-07T18:19:52.863Z,2026-01-01T00:54:15.193Z,"☆ - Welcome To Showbiz Pizza! - ☆
-----------------------------------------------
Me and our team specialize making pizza!
Remember this would be a ol' regular pizza shack if we had no magic!
--------",bearbearcarlo,0,0,0
31738013,"build house,shop,and school and play",37,0,0,All,,2008-10-25T06:07:46.32Z,2008-12-31T13:58:11.597Z,build and work or skool,hamani,0,0,0
46958594,Home of Keyyon,21,0,0,All,,2013-01-19T19:15:06.263Z,2014-06-19T14:55:13.817Z,Keyyon Home,keyyon,0,0,0
74033324,Night Club (party tonight starts at 9:30pm),12,0,1,All,,2014-05-03T23:38:07.583Z,2014-05-11T01:36:46.203Z,,MichaelDelposso,0,0,0
96659819,.,11,0,0,All,,2015-02-21T10:45:48.327Z,2016-10-11T14:20:34.73Z,"
",cab07001,0,0,0
737582,sanox's Place,9,0,0,All,,2008-10-05T16:21:14.113Z,2008-10-05T16:21:14.113Z,,sanox,0,0,0
4468832,Edward's Awesome Indoor Pool Pad!*For Spaceninja23,7,0,1,All,,2009-07-18T02:19:41.37Z,2011-06-29T19:02:55.823Z,*This is for one of my best friends Spaceninja23*,Edward19Cullen97,0,0,0
16845336,Camo198's Place,5,0,0,Town and City,,2012-02-17T22:59:13.24Z,2013-04-20T17:11:59.277Z,,Camo198,0,0,0
25137332,2QJD0OZKVSUKAIYPQSI's Place,3,0,0,All,,2011-09-06T14:58:34.077Z,2011-09-06T14:58:34.077Z,,2QJD0OZKVSUKAIYPQSI,0,0,0
33679586,supersonicboom19's Place,3,0,0,All,,2012-10-03T22:58:25.74Z,2012-10-03T22:58:25.74Z,,supersonicboom19,0,0,0
16533908,survive the zombies,3,0,0,All,,2011-05-30T15:00:36.05Z,2011-06-12T19:09:01.363Z,its awesome,awesomegirl2010,0,0,0
45384225,DRAGONBALL,2,0,0,All,,2013-10-04T22:00:34.96Z,2013-10-04T22:00:37.623Z,,SomaliDiggaD,0,0,0
190306445,machinegunjay's Place,2,0,0,All,,2016-09-03T00:04:59.063Z,2016-09-03T00:04:59.063Z,"This is your very first ROBLOX creation. Check it out, then make it your own with ROBLOX Studio!",machinegunjay,0,0,0
1687343239,hfyvgur's Place,1,0,0,All,,2020-04-21T09:47:02.837Z,2020-04-21T09:47:03.05Z,"This is your very first Roblox creation. Check it out, then make it your own with Roblox Studio!",hfyvgur,0,0,0
287887570,Precious_Espeon's #####,1,0,0,All,,2017-03-01T07:30:34.717Z,2017-03-01T07:30:34.717Z,"This is your very ##### ROBLOX creation. Check it out, then make it your own with ROBLOX Studio!",Precious_Espeon,0,0,0
3176696,SSONS recruitment center AT WAR WITH x101st,1,0,0,Military,,2009-07-26T17:05:23.253Z,2009-08-05T01:06:18.21Z,join the ssons!,cademan,0,0,0
1686708453,SANT JUEGA,1,0,0,All,,2020-04-21T00:06:40.803Z,2020-12-15T15:27:03.04Z,"This is your very first Roblox creation. Check it out, then make it your own with Roblox Studio!",puchos1976,0,0,0
75608331,SethHogan's Place,1,0,0,All,,2014-05-27T03:58:49.457Z,2014-06-25T22:54:13.71Z,,SethHogan,0,0,0
96899400,abcluv's Place,1,0,0,All,,2015-02-23T20:19:13.137Z,2015-02-23T20:19:13.153Z,,abcluv,0,0,0
703623517,All4tyme2's Place Number: 10,1,0,0,All,,2018-06-21T06:28:20.45Z,2018-06-21T07:45:44.767Z,,All4tyme2,0,0,0
